location,treatment,pair,plot,date,DOY,year,CumLS2022,CumES2023,CumLS2023,A,B,C,D,E,F,G,H,I,round,note
1,C,1,1C1,7/21/2022,202,2022,0,0,0,28,31,26.3,21.8,20.8,21.5,21.2,25.8,22.4,0,*) round 0 = baselIne
1,I,1,1I1,7/21/2022,202,2022,0,0,0,28.8,27.9,27.6,29.6,34,33.6,18.5,27.2,31.3,0,
1,C,2,1C2,7/21/2022,202,2022,0,0,0,25.7,20.4,22.1,28.1,29.8,19.9,28.6,26.7,25.1,0,
1,I,2,1I2,7/21/2022,202,2022,0,0,0,34.4,32.9,29.3,39,33,28.6,31.5,25.8,34.3,0,
1,C,3,1C3,7/21/2022,202,2022,0,0,0,21.2,30.9,21.4,31.4,33.7,30.8,30.2,32.2,30.8,0,
1,I,3,1I3,7/21/2022,202,2022,0,0,0,33.5,34.6,31.9,14.9,25.6,21.4,35.4,33.7,33.1,0,
1,C,4,1C4,7/21/2022,202,2022,0,0,0,27,33.6,30.7,39.3,32.5,36.1,35,22.5,22.4,0,
1,I,4,1I4,7/21/2022,202,2022,0,0,0,28.8,24.2,25.8,31.5,22.1,36.2,31.2,27.2,31.2,0,
1,C,5,1C5,7/21/2022,202,2022,0,0,0,22.4,27.8,36.3,18.9,28.5,28,32.3,29.8,38.1,0,
1,I,5,1I5,7/21/2022,202,2022,0,0,0,30.9,37.1,37.1,28.3,32.6,34.8,33.9,34.7,32,0,
1,C,6,1C6,7/21/2022,202,2022,0,0,0,30.5,35.4,33.5,30.3,30.3,26,30.4,23.2,27.7,0,
1,I,6,1I6,7/21/2022,202,2022,0,0,0,27.9,31.2,30.1,28.3,25.2,31.2,28.3,27.5,28.3,0,
1,C,7,1C7,7/21/2022,202,2022,0,0,0,29,30.5,22.2,31.8,29.1,33,36.4,33.1,34.4,0,
1,I,7,1I7,7/21/2022,202,2022,0,0,0,34.4,36.4,36.5,26.6,32.7,17.6,30.6,30.9,34.4,0,
2,C,1,2C1,7/21/2022,202,2022,0,0,0,32.1,27.6,39.4,42.7,39.5,41.3,47.2,44.7,41.4,0,
2,I,1,2I1,7/21/2022,202,2022,0,0,0,32.3,39.9,35.9,38.2,55.2,33.3,45.3,32.7,32.1,0,
2,C,2,2C2,7/21/2022,202,2022,0,0,0,34.4,29.5,24.4,23.3,27.8,28.1,34,27.6,16.9,0,
2,I,2,2I2,7/21/2022,202,2022,0,0,0,33.2,29.6,19.4,24.7,21.4,25.7,28.5,34.9,24.7,0,
2,C,3,2C3,7/21/2022,202,2022,0,0,0,30.6,18.9,34.6,22.6,26.6,11.4,32.6,31,24.6,0,
2,I,3,2I3,7/21/2022,202,2022,0,0,0,22.8,19.7,17.6,18.1,16.9,17.5,19.1,21.7,29.1,0,
2,C,4,2C4,7/21/2022,202,2022,0,0,0,35.2,35.4,29.6,33.2,37.1,22.2,31.2,32.9,29.7,0,
2,I,4,2I4,7/21/2022,202,2022,0,0,0,17.6,23.6,29.8,31.5,19.5,31.7,38.6,25.6,25.3,0,
2,C,5,2C5,7/21/2022,202,2022,0,0,0,32.4,45.7,49.8,30.9,43.4,40.2,37.8,29.5,46.8,0,
2,I,5,2I5,7/21/2022,202,2022,0,0,0,37.5,23.6,30.5,39.7,43.6,37.9,24.4,33.2,30.5,0,
2,C,6,2C6,7/21/2022,202,2022,0,0,0,36,21.7,34,31.1,33.1,31.1,38.8,43.5,27.4,0,
2,I,6,2I6,7/21/2022,202,2022,0,0,0,29,18,36.5,30,36.2,25.7,27,26.2,31,0,
2,C,7,2C7,7/21/2022,202,2022,0,0,0,37.5,51.8,40.2,34.9,39.4,33.8,36.3,42.6,46.3,0,
2,I,7,2I7,7/21/2022,202,2022,0,0,0,38.5,40.1,47.9,34.2,41.1,39.4,48.8,39.1,45.4,0,
3,C,1,3C1,7/21/2022,202,2022,0,0,0,14.4,36.4,13.6,0.7,22.7,14.3,1.4,24.6,3.4,0,
3,I,1,3I1,7/21/2022,202,2022,0,0,0,17.3,5,21.3,11.2,4.6,26.4,9,7,4.9,0,
3,C,2,3C2,7/21/2022,202,2022,0,0,0,24.2,31.8,50.8,42.6,16.8,14.6,39,41.7,13.2,0,
3,I,2,3I2,7/21/2022,202,2022,0,0,0,38.1,29.6,25,42.6,42.7,22.9,15.2,51.6,17.4,0,
3,C,3,3C3,7/21/2022,202,2022,0,0,0,8.4,0.6,5,3.6,37.2,42.1,39,29,37.5,0,
3,I,3,3I3,7/21/2022,202,2022,0,0,0,32.6,39.6,40.6,42.4,40.9,38.5,21.6,27.1,33.5,0,
3,C,4,3C4,7/21/2022,202,2022,0,0,0,10,7.5,12,20.9,r,r,8.1,14.2,r,0,"*) 'r' = roCks, Cannot Insert moIsture probe"
3,I,4,3I4,7/21/2022,202,2022,0,0,0,17.7,42,r,10.5,19.4,21.6,11.6,18,r,0,
3,C,5,3C5,7/21/2022,202,2022,0,0,0,1.2,11,27.3,25.6,10.3,28.7,17.8,24.8,24.3,0,
3,I,5,3I5,7/21/2022,202,2022,0,0,0,5.6,17,20.1,r,r,r,r,r,r,0,
3,C,6,3C6,7/21/2022,202,2022,0,0,0,29,23.2,r,3.2,r,r,r,45.4,19.6,0,
3,I,6,3I6,7/21/2022,202,2022,0,0,0,13.8,11.6,11.5,9.4,16.8,25.1,17.9,15.5,35.3,0,
4,C,1,4C1,7/21/2022,202,2022,0,0,0,51.4,27.7,21,43.7,10.3,44.1,47,41.9,25.5,0,
4,I,1,4I1,7/21/2022,202,2022,0,0,0,39.9,9.5,35.6,11.6,12.9,33.3,r,1.9,28.1,0,
4,C,2,4C2,7/21/2022,202,2022,0,0,0,r,r,6.3,10.6,47.7,52.8,7.6,12.3,53.1,0,
4,I,2,4I2,7/21/2022,202,2022,0,0,0,35.7,40.6,23.1,46.9,42.3,43,36.9,45.2,39.6,0,
4,C,3,4C3,7/21/2022,202,2022,0,0,0,21.8,41.1,13.8,37.1,34.4,39.3,11.5,12,17.7,0,
4,I,3,4I3,7/21/2022,202,2022,0,0,0,9.5,14.1,13.8,29.8,26.6,21.4,21.3,57.4,11.2,0,
4,C,4,4C4,7/21/2022,202,2022,0,0,0,8.8,1.6,6.3,10.5,r,24.8,8.3,3.6,17,0,
4,I,4,4I4,7/21/2022,202,2022,0,0,0,24.3,14.3,20,17,37.8,48,27.8,25.7,11.9,0,
4,C,5,4C5,7/21/2022,202,2022,0,0,0,r,31.4,26.1,15.1,47.6,32.3,48.6,35,r,0,
4,I,5,4I5,7/21/2022,202,2022,0,0,0,4.1,21.2,r,8.9,15,40,1.2,r,16.3,0,
4,C,6,4C6,7/21/2022,202,2022,0,0,0,19.7,19.2,23.7,26.5,r,9.1,16.7,14.2,32.8,0,
4,I,6,4I6,7/21/2022,202,2022,0,0,0,6.7,26,34.6,16.9,19.7,r,6.7,22.2,9.5,0,
1,C,1,1C1,08/01/2022,213,2022,0,0,0,23,22.3,18.5,17.7,14.5,14.5,18.7,20.1,18,1,
1,I,1,1I1,08/01/2022,213,2022,30,0,0,26,24.5,21,23.7,25.9,24.4,20.5,21.8,22.4,1,
1,C,2,1C2,08/01/2022,213,2022,0,0,0,26.2,13.6,12.6,17.4,22.3,22.6,22.3,19.7,18.5,1,
1,I,2,1I2,08/01/2022,213,2022,30,0,0,28.6,24,22.7,30.4,25.6,21.6,26.9,22.2,32.2,1,
1,C,3,1C3,08/01/2022,213,2022,0,0,0,25.7,19.5,17.3,22.7,24.9,22.9,22,24.7,20.8,1,
1,I,3,1I3,08/01/2022,213,2022,30,0,0,25.9,27.4,23.9,23.7,21,24.3,27.6,25.7,26.2,1,
1,C,4,1C4,08/01/2022,213,2022,0,0,0,20.3,24.7,25,30.4,24.9,27.2,20.6,14.8,16.5,1,
1,I,4,1I4,08/01/2022,213,2022,30,0,0,22.8,10.4,21.1,31.3,14.9,24.1,25.1,17.8,24.8,1,
1,C,5,1C5,08/01/2022,213,2022,0,0,0,14.3,23.1,27.3,20.3,23.2,23.1,23.7,26.8,25.1,1,
1,I,5,1I5,08/01/2022,213,2022,30,0,0,25.6,27.6,29.9,23.7,27,29.2,26.9,27.7,20.7,1,
1,C,6,1C6,08/01/2022,213,2022,0,0,0,23.2,27.6,20,25.9,24.4,22.1,19.7,16.2,17.9,1,
1,I,6,1I6,08/01/2022,213,2022,30,0,0,23.4,23.9,29.2,17.2,22,27.7,22,23.8,20.3,1,
1,C,7,1C7,08/01/2022,213,2022,0,0,0,19.8,26.7,22.7,28,21.8,23.9,24.7,24.8,26.4,1,
1,I,7,1I7,08/01/2022,213,2022,30,0,0,29.1,30,29,23.4,28.6,21.9,23.2,27.7,28.8,1,
2,C,1,2C1,08/01/2022,213,2022,0,0,0,32.1,23,29.9,36.8,27.2,34.6,38,38.5,32.9,1,
2,I,1,2I1,08/01/2022,213,2022,30,0,0,26.8,34,34.5,35.9,40,26.9,32.9,28.2,32.2,1,
2,C,2,2C2,08/01/2022,213,2022,0,0,0,27.5,24.9,21.1,14.5,21.9,20.4,24.8,21.1,17.8,1,
2,I,2,2I2,08/01/2022,213,2022,30,0,0,33.3,25.6,18.6,26.2,21.2,31,35.9,31.3,21.6,1,
2,C,3,2C3,08/01/2022,213,2022,0,0,0,25.5,25.9,29.7,17.6,27.9,9,29.1,23.7,30.2,1,
2,I,3,2I3,08/01/2022,213,2022,30,0,0,20.6,19.5,24.1,17.5,18,14.2,19.4,19.7,27.9,1,
2,C,4,2C4,08/01/2022,213,2022,0,0,0,28.8,32.5,21.3,26.8,31.6,19.6,27.4,28.4,30,1,
2,I,4,2I4,08/01/2022,213,2022,30,0,0,22.3,21.8,31.2,29.7,23.6,32.3,40,28.7,25.5,1,
2,C,5,2C5,08/01/2022,213,2022,0,0,0,29.2,36,38.3,27.7,31.7,28.4,34.5,25.1,39.3,1,
2,I,5,2I5,08/01/2022,213,2022,30,0,0,29.3,18.4,26.9,39.1,34.8,30.2,21.9,32,25.9,1,
2,C,6,2C6,08/01/2022,213,2022,0,0,0,31,17.7,30.2,26.2,30.1,26.2,32.6,32.8,23.3,1,
2,I,6,2I6,08/01/2022,213,2022,30,0,0,24.7,26.3,28.6,27.8,30,24.1,18.5,27.9,32.7,1,
2,C,7,2C7,08/01/2022,213,2022,0,0,0,36.7,43.8,32.5,30.9,30,33.3,27.5,34.6,36,1,
2,I,7,2I7,08/01/2022,213,2022,30,0,0,28.9,31.1,37.1,32.5,34.1,31.9,38.7,31.1,33.6,1,
3,C,1,3C1,08/02/2022,214,2022,0,0,0,18.8,32.8,28.6,12.8,10.2,28.5,20.3,20.5,12.8,1,
3,I,1,3I1,08/02/2022,214,2022,30,0,0,19.9,19.3,27.5,32.4,21.5,28.7,28,5.1,20.6,1,
3,C,2,3C2,08/02/2022,214,2022,0,0,0,25.6,32.4,30.2,37.9,8.5,16,20,28.4,14.9,1,
3,I,2,3I2,08/02/2022,214,2022,30,0,0,29.7,25.4,27.7,35,37.4,23.5,32.6,42.1,40.6,1,
3,C,3,3C3,08/02/2022,214,2022,0,0,0,18,3.7,17.5,14,34.8,39.3,25.3,21.6,18.7,1,
3,I,3,3I3,08/02/2022,214,2022,30,0,0,27.2,16.4,27.4,35.4,38.7,36.8,25.3,37.5,33.3,1,
3,C,4,3C4,08/02/2022,214,2022,0,0,0,10.4,10.7,11.6,15.7,15.6,4.1,5.9,9.9,15.5,1,
3,I,4,3I4,08/02/2022,214,2022,30,0,0,23.7,38.4,12.2,11.9,24.5,17.5,14.1,18.9,16.9,1,
3,C,5,3C5,08/02/2022,214,2022,0,0,0,13,11.9,16.5,24,11.5,21,16.4,22.7,21.2,1,
3,I,5,3I5,08/02/2022,214,2022,30,0,0,10.7,15.3,17,17.1,18.9,24.4,12,9.8,9.1,1,
3,C,6,3C6,08/02/2022,214,2022,0,0,0,27.5,16.4,9.6,9.1,8.5,1.3,25.9,42.4,10.7,1,
3,I,6,3I6,08/02/2022,214,2022,30,0,0,15.6,14.3,14.3,12.8,19.6,9.8,19.2,17.5,29.1,1,
4,C,1,4C1,08/02/2022,214,2022,0,0,0,40.1,28.2,48.6,28.9,22.4,35.3,45.9,40,36.2,1,
4,I,1,4I1,08/02/2022,214,2022,30,0,0,27.7,11,37.7,25.1,17.4,22.7,35.9,10.5,19,1,
4,C,2,4C2,08/02/2022,214,2022,0,0,0,10,20.3,2.5,3.9,43,42.5,15.8,15.7,34.4,1,
4,I,2,4I2,08/02/2022,214,2022,30,0,0,26.2,36.4,34.8,36.7,33.6,43.8,29.6,39.9,32.2,1,
4,C,3,4C3,08/02/2022,214,2022,0,0,0,18,22.5,39.6,41.4,29.6,46.1,8.5,19.2,21.7,1,
4,I,3,4I3,08/02/2022,214,2022,30,0,0,8.5,14.7,9.9,24.5,22.6,19.8,21.7,18.7,7.3,1,
4,C,4,4C4,08/02/2022,214,2022,0,0,0,8.2,0.6,21.8,7.9,32.2,15.9,10.2,13,6.6,1,
4,I,4,4I4,08/02/2022,214,2022,30,0,0,15.8,20.6,20.9,21.5,31.1,34.3,19.7,14.5,11,1,
4,C,5,4C5,08/02/2022,214,2022,0,0,0,1.9,11.9,16.2,20.4,37.5,26.7,39.4,27.7,15.1,1,
4,I,5,4I5,08/02/2022,214,2022,30,0,0,8.4,14.8,12.8,9.1,14.8,33,4.6,10.3,4.3,1,
4,C,6,4C6,08/02/2022,214,2022,0,0,0,5.5,17.4,13.9,10.1,17,7,7.5,11.1,11.7,1,
4,I,6,4I6,08/02/2022,214,2022,30,0,0,10.1,7.7,8.5,7.7,7.6,12.7,9.9,10.3,7.7,1,
1,C,1,1C1,08/07/2022,219,2022,0,0,0,22.7,21.8,20.9,21.5,16.6,17.4,17.7,18.6,20.1,2,
1,I,1,1I1,08/07/2022,219,2022,50,0,0,26.7,26.4,24.6,26,28.4,28.3,28.9,21.6,23.5,2,
1,C,2,1C2,08/07/2022,219,2022,0,0,0,25.4,14.6,15.7,23.1,23,22.4,21.3,20.9,18.8,2,
1,I,2,1I2,08/07/2022,219,2022,50,0,0,29.6,24.9,23.2,30.8,27,23.4,25.3,26,32.7,2,
1,C,3,1C3,08/07/2022,219,2022,0,0,0,20.2,13.9,20.3,23.5,23.1,22.9,21.9,23.4,24.1,2,
1,I,3,1I3,08/07/2022,219,2022,50,0,0,29.2,28.1,26.9,27,21.4,24.7,28,26.7,28.2,2,
1,C,4,1C4,08/07/2022,219,2022,0,0,0,22.7,25.1,22.2,30.1,22.7,28.6,23.7,22.9,16.7,2,
1,I,4,1I4,08/07/2022,219,2022,50,0,0,23.4,19.3,24.4,32.5,24.9,28.3,26.6,18.5,25.5,2,
1,C,5,1C5,08/07/2022,219,2022,0,0,0,20,24,27,24.1,20.2,24.6,20.7,25.6,23.8,2,
1,I,5,1I5,08/07/2022,219,2022,50,0,0,28.1,29.3,28.1,23.1,26,17.7,26.6,28.4,23,2,
1,C,6,1C6,08/07/2022,219,2022,0,0,0,23.9,25.4,19.6,24.9,24.1,23.2,21.2,16.7,19.5,2,
1,I,6,1I6,08/07/2022,219,2022,50,0,0,23.1,24.8,27.9,24.4,20.9,26.7,23.2,25.4,18.2,2,
1,C,7,1C7,08/07/2022,219,2022,0,0,0,19,26.3,14.3,28.6,24.1,25.5,13.6,24.6,22.5,2,
1,I,7,1I7,08/07/2022,219,2022,50,0,0,26.8,28.4,29,24.5,25.7,22.2,23.1,26.9,25.3,2,
2,C,1,2C1,08/07/2022,219,2022,0,0,0,31.2,30,33.9,36.5,30.6,29.9,35.1,36.4,37.8,2,
2,I,1,2I1,08/07/2022,219,2022,50,0,0,26.4,33.7,39.6,37.5,43.7,30.7,26.7,28.6,32.3,2,
2,C,2,2C2,08/07/2022,219,2022,0,0,0,30.5,23.5,17,16,21,25.7,31.9,20.8,18.9,2,
2,I,2,2I2,08/07/2022,219,2022,50,0,0,32,26.3,22.3,22.1,18.7,26.1,33,35.9,23.3,2,
2,C,3,2C3,08/07/2022,219,2022,0,0,0,25.6,25,29.9,20.9,28.4,10.3,31.8,21.6,33.1,2,
2,I,3,2I3,08/07/2022,219,2022,50,0,0,23,15.9,23,18.9,21.3,28.8,23.3,15.3,27.1,2,
2,C,4,2C4,08/07/2022,219,2022,0,0,0,28.8,32.3,25,32.4,28.5,23,26,32.5,33.3,2,
2,I,4,2I4,08/07/2022,219,2022,50,0,0,25.6,27.9,34.2,31.4,28.2,36.2,40.9,24,29.9,2,
2,C,5,2C5,08/07/2022,219,2022,0,0,0,28.8,34.6,35.8,25.2,33.8,27.3,34.7,23.4,36.4,2,
2,I,5,2I5,08/07/2022,219,2022,50,0,0,36.8,22.3,34.1,34,34.7,32.4,22,32.3,22.7,2,
2,C,6,2C6,08/07/2022,219,2022,0,0,0,29.3,20.5,32.7,25.4,23.9,23,29,29.8,21.9,2,
2,I,6,2I6,08/07/2022,219,2022,50,0,0,27.5,26.6,35.6,27.4,31.9,26.9,23.8,26.4,29.4,2,
2,C,7,2C7,08/07/2022,219,2022,0,0,0,34.9,34.7,32.1,33,27.7,29.3,28.6,38.6,32.4,2,
2,I,7,2I7,08/07/2022,219,2022,50,0,0,29,31.4,37.4,30.5,37,28.5,38.7,32.9,39.1,2,
3,C,1,3C1,08/08/2022,220,2022,0,0,0,24.2,33.8,27.4,10.9,15.3,29.9,8.8,19.1,20.9,2,
3,I,1,3I1,08/08/2022,220,2022,50,0,0,23.5,23.8,27.4,30.7,19.2,23.6,32.7,11.7,22.7,2,
3,C,2,3C2,08/08/2022,220,2022,0,0,0,34,31.9,33.1,38.9,12.4,13.5,25.8,33.9,19.7,2,
3,I,2,3I2,08/08/2022,220,2022,50,0,0,31.8,31.9,30.2,29.8,28.7,33.6,33.7,43.4,41.6,2,
3,C,3,3C3,08/08/2022,220,2022,0,0,0,21.3,15.3,19.8,21.3,33.1,37.7,29.5,21.4,21.5,2,
3,I,3,3I3,08/08/2022,220,2022,50,0,0,39.6,29.1,35.9,36.4,36.9,39.1,14,36.5,32.4,2,
3,C,4,3C4,08/08/2022,220,2022,0,0,0,16.1,17.7,15.2,18.9,14.6,12.4,26.3,15.2,18.2,2,
3,I,4,3I4,08/08/2022,220,2022,50,0,0,25.8,37.6,14.5,25.2,17.1,17.6,13.4,23.7,15.9,2,
3,C,5,3C5,08/08/2022,220,2022,0,0,0,10.1,13,21.8,25.1,19.7,25.1,19,24.3,39.5,2,
3,I,5,3I5,08/08/2022,220,2022,50,0,0,8.7,16.3,20.1,12.1,18.3,16.7,15.8,8.8,15.4,2,
3,C,6,3C6,08/08/2022,220,2022,0,0,0,21.3,16.1,8,13.2,9.3,6.1,21.9,42.9,25,2,
3,I,6,3I6,08/08/2022,220,2022,50,0,0,26.1,19.1,19.4,22.1,24.6,18.1,19.9,15.5,14,2,
4,C,1,4C1,08/08/2022,220,2022,0,0,0,40.6,22,47.1,34.7,14.5,39.3,45.7,35.1,10,2,
4,I,1,4I1,08/08/2022,220,2022,50,0,0,24,10.3,30.7,24,13.4,30.8,22.3,12.6,31.3,2,
4,C,2,4C2,08/08/2022,220,2022,0,0,0,10.1,6.2,8.5,10.8,39.4,40.7,6.3,8,39,2,
4,I,2,4I2,08/08/2022,220,2022,50,0,0,26,29.8,23.4,39.8,34.7,36.2,32.4,37.3,38.7,2,
4,C,3,4C3,08/08/2022,220,2022,0,0,0,32.8,22.7,27.6,30.6,25.9,20.2,10.5,14.4,17.6,2,
4,I,3,4I3,08/08/2022,220,2022,50,0,0,7.5,4.5,6.4,23.4,16.6,11.5,26.6,32.7,8.8,2,
4,C,4,4C4,08/08/2022,220,2022,0,0,0,8.7,5,19.6,5.7,14.5,18.1,6.8,4.3,8.3,2,
4,I,4,4I4,08/08/2022,220,2022,50,0,0,15.5,12.3,15,14.6,36.2,44.1,15.3,20.3,36.3,2,
4,C,5,4C5,08/08/2022,220,2022,0,0,0,11.5,15.7,15.2,7.8,32.7,21.5,41.2,26.7,24.6,2,
4,I,5,4I5,08/08/2022,220,2022,50,0,0,5.8,17.2,8.1,8.1,12,31.8,19.4,19.4,11.8,2,
4,C,6,4C6,08/08/2022,220,2022,0,0,0,8.5,14,15.2,11,12,7.9,9,11.2,11.6,2,
4,I,6,4I6,08/08/2022,220,2022,50,0,0,14.6,15.2,12.5,12.4,13.3,13.4,12.2,11,7.3,2,
1,C,1,1C1,06/10/2023,161,2023,0,0,0,36.2,37.3,35.7,33.8,35.2,31.5,31.9,36.6,36.1,0,*) round 0 = baselIne
1,ES,1,1ES1,06/10/2023,161,2023,0,0,0,46.7,32.3,35.4,45.7,42.1,40.2,35.6,44,39.4,0,
1,I,1,1I1,06/10/2023,161,2023,50,0,0,38.1,38.5,33.2,37.3,36.1,40.3,40.1,32.2,36.4,0,
1,LS,1,1LS1,06/10/2023,161,2023,0,0,0,26.5,35.8,35.5,34.7,35.7,36.4,35.4,32.6,38.9,0,
1,C,2,1C2,06/10/2023,161,2023,0,0,0,28.6,39.9,32.2,38.2,36.1,34.1,33.5,26.8,38.4,0,
1,ES,2,1ES2,06/10/2023,161,2023,0,0,0,33.2,38.2,31.4,36.2,33.5,26.5,32.4,32.8,36.6,0,
1,I,2,1I2,06/10/2023,161,2023,50,0,0,43.8,45.2,27.4,29.7,35.1,38.9,36.9,44.9,46.7,0,
1,LS,2,1LS2,06/10/2023,161,2023,0,0,0,34.2,35.5,37.1,37.3,20.9,40.9,26.6,38,31.1,0,
1,C,3,1C3,06/10/2023,161,2023,0,0,0,39.6,31,33.1,33.9,37.5,34.1,39.2,37.8,36,0,
1,ES,3,1ES3,06/10/2023,161,2023,0,0,0,39.4,33.7,37.7,41.3,27.7,25.5,40.6,32.7,39.9,0,
1,I,3,1I3,06/10/2023,161,2023,50,0,0,26.9,44.3,44.6,41.3,33.9,34.2,40.1,34.5,41.6,0,
1,LS,3,1LS3,06/10/2023,161,2023,0,0,0,30.5,33.4,35.8,38,34.6,36.3,36.2,34.2,36.8,0,
1,C,4,1C4,06/10/2023,161,2023,0,0,0,34.1,39.5,38.1,45.5,43.4,43.1,32.7,40.8,25,0,
1,ES,4,1ES4,06/10/2023,161,2023,0,0,0,26.5,24.9,33.6,36.9,34,39.8,40.4,38.7,32,0,
1,I,4,1I4,06/10/2023,161,2023,50,0,0,36.1,24.8,35.2,47.1,26.7,31.9,37.9,24.6,39.8,0,
1,LS,4,1LS4,06/10/2023,161,2023,0,0,0,43.5,39.5,28.5,30.3,26.9,43.5,45.4,42.7,31.6,0,
1,C,5,1C5,06/10/2023,161,2023,0,0,0,24.9,35.3,41,32.4,27.9,35.3,34.3,36.7,36.9,0,
1,ES,5,1ES5,06/10/2023,161,2023,0,0,0,35.8,20,21.2,35.9,30.4,34,52.7,43.9,36.6,0,
1,I,5,1I5,06/10/2023,161,2023,50,0,0,38.3,42,44.6,34.7,38.9,22.4,34.7,41.4,37.1,0,
1,LS,5,1LS5,06/10/2023,161,2023,0,0,0,38.5,34.1,32.1,28,41.7,32.5,16.3,38.6,34.8,0,
1,C,6,1C6,06/10/2023,161,2023,0,0,0,29.8,42.8,32.2,31.5,32.2,36.5,36.1,23,22.6,0,
1,ES,6,1ES6,06/10/2023,161,2023,0,0,0,35.8,41.9,31.8,37.7,36.8,40.6,29.9,42.1,40.2,0,
1,I,6,1I6,06/10/2023,161,2023,50,0,0,37.1,39.7,46.9,38.2,38.4,40.7,35.4,43.4,35.2,0,
1,LS,6,1LS6,06/10/2023,161,2023,0,0,0,40.3,42.7,31.1,36.7,34.4,37.8,35.2,28.1,45,0,
1,C,7,1C7,06/10/2023,161,2023,0,0,0,36.1,42.6,35.6,45.5,42.6,36.4,33.4,42.2,32.2,0,
1,ES,7,1ES7,06/10/2023,161,2023,0,0,0,35.9,37.1,40.4,40.2,37.9,33.7,39.3,31.2,33.5,0,
1,I,7,1I7,06/10/2023,161,2023,50,0,0,47.4,51,43.7,35.9,37.2,31,31.4,32.8,44,0,
1,LS,7,1LS7,06/10/2023,161,2023,0,0,0,38.1,35.9,38.9,40.5,31.3,43.7,36.5,39,48,0,
2,C,1,2C1,06/11/2023,162,2023,0,0,0,34.8,38.2,39.8,49.5,44.3,36.9,45,45.7,56.2,0,
2,ES,1,2ES1,06/11/2023,162,2023,0,0,0,43.6,46.4,57.1,38.5,41.3,46.9,44.7,39.7,40.6,0,
2,I,1,2I1,06/11/2023,162,2023,50,0,0,30.2,38,40.6,51.6,40.1,39.2,40.5,30.6,38.2,0,
2,LS,1,2LS1,06/11/2023,162,2023,0,0,0,47.3,38.9,44.4,48.1,46.6,31.4,45.2,35,48.6,0,
2,C,2,2C2,06/11/2023,162,2023,0,0,0,54.3,39.3,56.6,81.2,47.9,4..6,47.7,43,49.6,0,
2,ES,2,2ES2,06/11/2023,162,2023,0,0,0,65.8,51.2,71,56,43.1,85.7,at,at,82.2,0,at = 'at table' (90-100%)
2,I,2,2I2,06/11/2023,162,2023,50,0,0,41.5,36.7,32,32.5,27.8,39.8,39.7,42.9,23.9,0,
2,LS,2,2LS2,06/11/2023,162,2023,0,0,0,46.5,74.4,37.9,80.6,84.4,72.7,at,80.3,47.9,0,
2,C,3,2C3,06/11/2023,162,2023,0,0,0,42.5,45.4,57.2,45.1,60.3,21.9,64.6,41.8,55.8,0,
2,ES,3,2ES3,06/11/2023,162,2023,0,0,0,30.9,25.8,26,28.3,31.5,38.4,23.4,27.4,36.5,0,
2,I,3,2I3,06/11/2023,162,2023,50,0,0,36.9,40.5,52.3,34.6,39.1,47.1,42.7,32.7,38.5,0,
2,LS,3,2LS3,06/11/2023,162,2023,0,0,0,40.7,32.8,22.8,43.8,21.1,31.3,20.6,38.7,23.7,0,
2,C,4,2C4,06/11/2023,162,2023,0,0,0,52.5,76.6,48.6,66,70.2,83.7,at,at,52.4,0,
2,ES,4,2ES4,06/11/2023,162,2023,0,0,0,at,72.4,at,87.2,at,at,81.8,at,at,0,
2,I,4,2I4,06/11/2023,162,2023,50,0,0,32.5,38.7,74.3,71.1,31.8,at,at,72.7,48.9,0,
2,LS,4,2LS4,06/11/2023,162,2023,0,0,0,at,at,80.8,at,at,at,at,at,at,0,
2,C,5,2C5,06/11/2023,162,2023,0,0,0,26.6,52,58.1,45.4,47.4,35.7,45.5,41,52.9,0,
2,ES,5,2ES5,06/11/2023,162,2023,0,0,0,42.1,53.8,53.5,37.1,30.3,33,30.9,53.6,58.6,0,
2,I,5,2I5,06/11/2023,162,2023,50,0,0,54.8,41.3,41,60.9,34.2,40.8,33.9,40.1,41.7,0,
2,LS,5,2LS5,06/11/2023,162,2023,0,0,0,39.4,46.8,41.5,47.6,44.9,42.6,47.8,48.6,37.2,0,
2,C,6,2C6,06/11/2023,162,2023,0,0,0,32.7,30.3,39.9,34.5,40.2,38.1,47.4,40.6,37.3,0,
2,ES,6,2ES6,06/11/2023,162,2023,0,0,0,31.4,28.4,38,27.7,28.2,29.9,41.4,31.7,34.4,0,
2,I,6,2I6,06/11/2023,162,2023,50,0,0,32.4,40.3,42.9,35.3,38,32.3,31.6,40.8,38.5,0,
2,LS,6,2LS6,06/11/2023,162,2023,0,0,0,48,37,30.3,26.3,26.6,29.3,47.8,32.9,37.8,0,
2,C,7,2C7,06/11/2023,162,2023,0,0,0,52.6,44.6,42.2,418,40.1,37.5,53.4,40.7,48.6,0,
2,ES,7,2ES7,06/11/2023,162,2023,0,0,0,44.9,32.8,48.3,38,38.6,33.4,32.8,43.4,40.1,0,
2,I,7,2I7,06/11/2023,162,2023,50,0,0,30.7,38.5,53.6,35.8,45.7,40.7,43.4,41.7,43.9,0,
2,LS,7,2LS7,06/11/2023,162,2023,0,0,0,44.1,36,39.3,47.1,37.5,45,60.8,40.7,54.9,0,
3,C,1,3C1,06/12/2023,163,2023,0,0,0,at,70.9,82,86.5,at,67.5,at,at,74,0,
3,I,1,3I1,06/12/2023,163,2023,50,0,0,65,70.8,83.2,at,at,65.4,74.1,39.1,85.1,0,
3,C,2,3C2,06/12/2023,163,2023,0,0,0,31.4,43.3,45.6,43.5,28.1,41.7,47.1,44.4,38.4,0,
3,I,2,3I2,06/12/2023,163,2023,50,0,0,47,36.7,29.6,40.3,31.1,47.7,45.1,48.7,47.2,0,
3,C,3,3C3,06/12/2023,163,2023,0,0,0,74.4,at,81.8,at,79.8,49.6,47.7,58.4,61.5,0,
3,I,3,3I3,06/12/2023,163,2023,50,0,0,78,63.3,at,78.1,at,74.9,75.2,83,78.5,0,
3,C,4,3C4,06/12/2023,163,2023,0,0,0,sC,sC,sC,sC,sC,sC,sC,sC,sC,0,sC = 'snow Covered'
3,I,4,3I4,06/12/2023,163,2023,50,0,0,sC,sC,sC,sC,sC,sC,sC,sC,sC,0,sC = 'snow Covered'
3,C,5,3C5,06/12/2023,163,2023,0,0,0,at,at,86.8,78.4,81.7,74.2,70.5,64.4,74.4,0,
3,I,5,3I5,06/12/2023,163,2023,50,0,0,r,r,r,r,r,r,r,r,r,0,r = 'roCks' (Cannot Insert probe safely)
3,C,6,3C6,06/12/2023,163,2023,0,0,0,at,at,84.3,77.9,at,77,70.2,60.1,67.5,0,
3,I,6,3I6,06/12/2023,163,2023,50,0,0,64.4,38.5,38.4,41.8,43.2,50.9,58.1,r,41,0,
4,C,1,4C1,06/12/2023,163,2023,0,0,0,46.2,63.8,67.9,74.8,r,r,73,74.5,60,0,
4,ES,1,4ES1,06/12/2023,163,2023,0,0,0,62.6,53.5,64.1,at,64.3,70.8,56.5,86.5,r,0,
4,I,1,4I1,06/12/2023,163,2023,50,0,0,p,p,p,p,p,p,p,p,p,0,p = 'permafrost' (Cannot Insert probe safely)
4,LS,1,4LS1,06/12/2023,163,2023,0,0,0,p,p,p,p,p,p,p,p,p,0,
4,C,2,4C2,06/12/2023,163,2023,0,0,0,r,r,75.1,60.7,61,53.2,30.6,63.1,49.4,0,
4,ES,2,4ES2,06/12/2023,163,2023,0,0,0,at,77.8,r,r,r,r,27.4,61.9,75.1,0,
4,I,2,4I2,06/12/2023,163,2023,50,0,0,28.8,76.3,79.5,49.4,56.8,77.6,62.6,75.9,67.3,0,
4,LS,2,4LS2,06/12/2023,163,2023,0,0,0,56.9,81.6,62,61.3,72.7,39.6,27,73.3,59.5,0,
4,C,3,4C3,06/12/2023,163,2023,0,0,0,34.5,74.8,36.5,47.2,71.3,at,32,34,37.4,0,
4,ES,3,4ES3,06/12/2023,163,2023,0,0,0,at,77,20,63.9,at,49.8,52.4,86.5,at,0,
4,I,3,4I3,06/12/2023,163,2023,50,0,0,51.2,25.6,19.1,37,48.6,75.2,32.8,25,26.4,0,
4,LS,3,4LS3,06/12/2023,163,2023,0,0,0,23,70.7,44,30,28,62.4,64,48,53.7,0,
4,C,4,4C4,06/12/2023,163,2023,0,0,0,50.5,21.1,44.2,21,r,40.2,38.2,15.5,38.8,0,
4,ES,4,4ES4,06/12/2023,163,2023,0,0,0,57.1,75,70.4,44.8,62,28.1,64.8,70.5,31.9,0,
4,I,4,4I4,06/12/2023,163,2023,50,0,0,at,at,72.5,67.9,66.5,85.6,52.5,79.4,at,0,
4,LS,4,4LS4,06/12/2023,163,2023,0,0,0,75.1,r,at,82.3,59.1,48.8,r,31.6,72.1,0,
4,C,5,4C5,06/12/2023,163,2023,0,0,0,sC,sC,sC,sC,sC,sC,sC,sC,sC,0,
4,ES,5,4ES5,06/12/2023,163,2023,0,0,0,59.5,r,r,r,r,r,57.9,r,48.6,0,
4,I,5,4I5,06/12/2023,163,2023,50,0,0,at,57.3,r,r,44.2,55.6,55.4,r,69.6,0,
4,LS,5,4LS5,06/12/2023,163,2023,0,0,0,55,36.1,r,29.7,r,r,70.8,r,42.6,0,
4,C,6,4C6,06/12/2023,163,2023,0,0,0,r,r,78.1,44,72,r,r,r,r,0,
4,ES,6,4ES6,06/12/2023,163,2023,0,0,0,at,at,at,at,at,at,at,at,at,0,
4,I,6,4I6,06/12/2023,163,2023,50,0,0,r,r,r,r,39.4,r,32.7,r,r,0,
4,LS,6,4LS6,06/12/2023,163,2023,0,0,0,r,r,r,r,r,60.1,82.4,r,at,0,
1,C,1,1C1,6/24/2023,175,2023,0,0,0,30.8,29.7,31,27.8,26.6,27,32.3,29.3,30.5,1,
1,ES,1,1ES1,6/24/2023,175,2023,0,30,0,37.6,27.7,27.7,43.2,36.1,32.8,26.4,33.2,40.7,1,
1,I,1,1I1,6/24/2023,175,2023,50,0,0,33.8,29.8,28.7,25.4,31.9,37.4,28.8,26.2,29.4,1,
1,LS,1,1LS1,6/24/2023,175,2023,0,0,0,23.2,30.9,25.1,28.7,33,31.5,29.9,26.3,28,1,
1,C,2,1C2,6/24/2023,175,2023,0,0,0,35.2,26.9,28.9,32.1,29.8,29.7,28.6,28.6,32.2,1,
1,ES,2,1ES2,6/24/2023,175,2023,0,30,0,27.2,34.1,27,27.7,29.2,33.4,27.8,24.7,34.3,1,
1,I,2,1I2,6/24/2023,175,2023,50,0,0,33.5,3.5,25.7,27.4,27,27.5,32.4,37.1,37,1,
1,LS,2,1LS2,6/24/2023,175,2023,0,0,0,31,29.9,33,31.7,25.4,36,30.8,35.3,26.2,1,
1,C,3,1C3,6/24/2023,175,2023,0,0,0,37,28.9,25.5,28.8,34,32.1,35.6,27.3,28.1,1,
1,ES,3,1ES3,6/24/2023,175,2023,0,30,0,36.6,30.5,32.3,35.1,24.1,20.4,34.7,31.2,36.4,1,
1,I,3,1I3,6/24/2023,175,2023,50,0,0,22.9,35.7,39.8,36.9,31.6,31.9,34.5,28.8,38.3,1,
1,LS,3,1LS3,6/24/2023,175,2023,0,0,0,25,30.4,31.9,30.1,29,29.8,31.1,26.3,27.5,1,
1,C,4,1C4,6/24/2023,175,2023,0,0,0,31,30.2,37.7,37.7,37.6,35.8,28.6,33.3,23.4,1,
1,ES,4,1ES4,6/24/2023,175,2023,0,30,0,23.9,25.9,29.5,32.3,34.1,35.5,33.4,31,20.9,1,
1,I,4,1I4,6/24/2023,175,2023,50,0,0,36.1,25.5,30.2,35.3,29,28.2,33.5,21.9,37.2,1,
1,LS,4,1LS4,6/24/2023,175,2023,0,0,0,40.5,39.7,29.4,29.5,37.8,39.5,36.8,36.2,40,1,
1,C,5,1C5,6/24/2023,175,2023,0,0,0,22.4,35.5,38.8,31.7,31.8,33.9,22.6,34.3,32.5,1,
1,ES,5,1ES5,6/24/2023,175,2023,0,30,0,34.2,29,27.6,33.6,33.1,34.2,35.4,36.8,36.5,1,
1,I,5,1I5,6/24/2023,175,2023,50,0,0,29.4,38.8,38.7,30.9,34,28.6,28.5,38.9,24.1,1,
1,LS,5,1LS5,6/24/2023,175,2023,0,0,0,38,30.3,33.5,29.9,40.6,31.6,26.7,35.9,31.7,1,
1,C,6,1C6,6/24/2023,175,2023,0,0,0,22.6,36.1,25.9,31.9,29.3,33.6,33.6,23.6,26.3,1,
1,ES,6,1ES6,6/24/2023,175,2023,0,30,0,33,33.6,27.6,32.8,32.5,30.6,27.2,38.8,33.7,1,
1,I,6,1I6,6/24/2023,175,2023,50,0,0,30.3,33.3,37.6,35.8,34.3,30.2,29,34.3,32.8,1,
1,LS,6,1LS6,6/24/2023,175,2023,0,0,0,34.8,36.4,26.5,34.4,32.8,28.8,32.5,28.2,38.7,1,
1,C,7,1C7,6/24/2023,175,2023,0,0,0,25.1,33,30.8,35.4,37.9,30.3,29.9,33.5,37.7,1,
1,ES,7,1ES7,6/24/2023,175,2023,0,30,0,33.5,33.7,35.5,33.9,31.6,29.3,32.9,26.6,31.5,1,
1,I,7,1I7,6/24/2023,175,2023,50,0,0,35.8,43.7,35,34.1,37.4,33.2,25.5,33.2,37.9,1,
1,LS,7,1LS7,6/24/2023,175,2023,0,0,0,31.9,34.5,31.1,34.1,25.1,35.8,29,29.4,36.8,1,
2,C,1,2C1,6/24/2023,175,2023,0,0,0,35.1,39.7,39.4,58.5,43.4,43,43.9,46.8,55.5,1,
2,ES,1,2ES1,6/24/2023,175,2023,0,30,0,49.3,46.6,47.5,41.4,48.4,61,57.7,46.4,45.5,1,
2,I,1,2I1,6/24/2023,175,2023,50,0,0,30.9,40.4,45.4,48.1,53.1,41.4,41,28.3,40.5,1,
2,LS,1,2LS1,6/24/2023,175,2023,0,0,0,44,43.6,50.7,44.4,44.5,43.9,41.3,38,45.4,1,
2,C,2,2C2,6/24/2023,175,2023,0,0,0,52.9,43.6,58.6,82.3,86.7,51.8,49.9,49.8,64.7,1,
2,ES,2,2ES2,6/24/2023,175,2023,0,3,0,72.6,61.2,79.8,47.3,46.3,at,at,83.5,84.1,1,
2,I,2,2I2,6/24/2023,175,2023,50,0,0,37.4,42,24.4,34.5,29.4,47.2,37.6,50.4,32.7,1,
2,LS,2,2LS2,6/24/2023,175,2023,0,0,0,46.6,1,32.8,59.7,65.2,65,at,83.5,84.1,1,
2,C,3,2C3,6/24/2023,175,2023,0,0,0,45.4,40.3,40.8,42.1,53.2,42.4,47.5,45.8,46,1,
2,ES,3,2ES3,6/24/2023,175,2023,0,30,0,18.7,20.1,28.3,28.6,34.1,40.3,28.7,29.8,39.9,1,
2,I,3,2I3,6/24/2023,175,2023,50,0,0,34.7,35.2,54.6,24.1,42.1,42.1,37.5,21.2,43.7,1,
2,LS,3,2LS3,6/24/2023,175,2023,0,0,0,39.8,29.2,22.7,48.8,32.5,33.4,22.5,33.8,26.6,1,
2,C,4,2C4,6/24/2023,175,2023,0,0,0,77.9,75.8,47,at,56.9,55.9,80.4,84.6,49.8,1,
2,ES,4,2ES4,6/24/2023,175,2023,0,30,0,at,at,at,at,74.9,4.1,84.2,75.9,82.7,1,
2,I,4,2I4,6/24/2023,175,2023,50,0,0,39.2,39.3,46.9,69.5,3.6,75.7,at,56.3,44.6,1,
2,LS,4,2LS4,6/24/2023,175,2023,0,0,0,80.3,68.6,77.8,at,53.3,58.4,66.5,81.9,at,1,
2,C,5,2C5,6/24/2023,175,2023,0,0,0,22.8,43.6,49.7,39.4,43.9,32.2,43.6,41.1,48.4,1,
2,ES,5,2ES5,6/24/2023,175,2023,0,30,0,42.7,55.2,68.3,43.3,40.2,37.5,35.8,45.4,52.2,1,
2,I,5,2I5,6/24/2023,175,2023,50,0,0,47,33.3,46,61.3,65.9,39.9,43.4,44.7,41.6,1,
2,LS,5,2LS5,6/24/2023,175,2023,0,0,0,40.9,43.6,36.5,44.3,40.5,39,45.6,43.7,36.8,1,
2,C,6,2C6,6/24/2023,175,2023,0,0,0,44.6,35.2,47.9,33.9,45.3,38.8,47.8,43.9,33.9,1,
2,ES,6,2ES6,6/24/2023,175,2023,0,30,0,35.7,32.1,44,45,40.4,36,48.1,36.7,40.6,1,
2,I,6,2I6,6/24/2023,175,2023,50,0,0,40.2,48.4,46.6,29.7,37.9,25,31.3,37.5,46.2,1,
2,LS,6,2LS6,6/24/2023,175,2023,0,0,0,38.5,39.8,30.7,24.7,31.7,31.6,54.7,40.7,32.1,1,
2,C,7,2C7,6/24/2023,175,2023,0,0,0,50.8,43.3,46,46,45.6,40.1,35.6,37.7,52.7,1,
2,ES,7,2ES7,6/24/2023,175,2023,0,30,0,57.4,44.2,53.6,40.6,46.9,55.4,38.6,61.2,61.3,1,
2,I,7,2I7,6/24/2023,175,2023,50,0,0,31.4,38.7,42.5,34.7,45.8,43.2,47.8,42.6,45.8,1,
2,LS,7,2LS7,6/24/2023,175,2023,0,0,0,43,34.6,39.7,44.6,36.9,45,57.7,39.2,43.1,1,
3,C,1,3C1,6/24/2023,175,2023,0,0,0,29.8,48.7,23.3,44.7,30.9,33.2,39,45.4,16.6,1,
3,I,1,3I1,6/24/2023,175,2023,50,0,0,31.8,14.6,28.3,29.3,11.1,35.3,26.3,26.1,8,1,
3,C,2,3C2,6/24/2023,175,2023,0,0,0,11.8,30.4,33.1,15.2,1.4,40.7,38.1,33.9,23.7,1,
3,I,2,3I2,6/24/2023,175,2023,50,0,0,25.9,41.8,32.9,30.6,33.5,32.8,30.8,37.4,17.5,1,
3,C,3,3C3,6/24/2023,175,2023,0,0,0,24.6,27.1,40.9,40.7,32.8,14.6,21.2,11.2,45.1,1,
3,I,3,3I3,6/24/2023,175,2023,50,0,0,37.6,40.2,r,25.3,19.4,19.6,3.1,48.4,r,1,
3,C,4,3C4,6/24/2023,175,2023,0,0,0,r,r,r,r,29.9,30.6,15.8,30.2,r,1,
3,I,4,3I4,6/24/2023,175,2023,50,0,0,r,27.1,r,25.3,19.4,19.6,34.1,48.4,r,1,
3,C,5,3C5,6/24/2023,175,2023,0,0,0,13.7,39.2,39.9,17.9,20.5,38.9,25.1,19.9,35.4,1,
3,I,5,3I5,6/24/2023,175,2023,50,0,0,r,r,r,r,39.3,16.2,r,16.7,r,1,
3,C,6,3C6,6/24/2023,175,2023,0,0,0,38.8,34.6,r,19.6,r,17.1,10.7,36.9,30,1,
3,I,6,3I6,6/24/2023,175,2023,50,0,0,38.8,35.8,49,44.9,30.2,18.2,28.4,19.7,23.4,1,
4,C,1,4C1,6/24/2023,175,2023,0,0,0,46.2,45.6,23.5,29.2,14.6,46.9,49.9,30.7,27.7,1,
4,ES,1,4ES1,6/24/2023,175,2023,0,30,0,50.2,44.8,34.2,45.6,12.8,23.2,49.1,30.8,22.2,1,
4,I,1,4I1,6/24/2023,175,2023,50,0,0,41.3,9.8,50.1,25.6,19.3,46.3,48.4,16.1,40.7,1,
4,LS,1,4LS1,6/24/2023,175,2023,0,0,0,25.4,14.5,14.8,41.5,44.2,35.2,23.6,38.5,5.4,1,
4,C,2,4C2,6/24/2023,175,2023,0,0,0,43.3,32.8,24.6,48.7,51.3,43.1,54.7,24.6,47.3,1,
4,ES,2,4ES2,6/24/2023,175,2023,0,30,0,82.4,22.8,9.1,51.5,36.2,at,at,85.2,75.8,1,
4,I,2,4I2,6/24/2023,175,2023,50,0,0,sat,sat,sat,sat,sat,sat,sat,sat,sat,1,"sat = >100%, standIng water"
4,LS,2,4LS2,6/24/2023,175,2023,0,0,0,47.6,34.8,15.3,21.7,32.5,26.4,46.1,25.5,39,1,
4,C,3,4C3,6/24/2023,175,2023,0,0,0,36.8,18.7,19.4,76.9,48,29.8,24.3,54.8,20.4,1,
4,ES,3,4ES3,6/24/2023,175,2023,0,30,0,60.6,39.3,64.4,24.3,86,50.5,20.7,44.3,46,1,
4,I,3,4I3,6/24/2023,175,2023,50,0,0,21.3,19.5,41.5,27.8,35.5,48.8,14.2,15.4,13.9,1,
4,LS,3,4LS3,6/24/2023,175,2023,0,0,0,15.7,12,10.1,21.7,20.7,23.3,39.5,51.2,25.1,1,
4,C,4,4C4,6/24/2023,175,2023,0,0,0,at,16.2,26.4,23.9,r,44.2,27.9,10.6,47.6,1,
4,ES,4,4ES4,6/24/2023,175,2023,0,30,0,33.8,35.7,21.3,20.5,14.2,45.4,42.5,48,18.3,1,
4,I,4,4I4,6/24/2023,175,2023,50,0,0,20.8,25.9,35.5,61.1,42.2,36.6,33.6,29.2,34.8,1,
4,LS,4,4LS4,6/24/2023,175,2023,0,0,0,26.4,9.5,13.6,21.2,6,26.3,22.9,24,37,1,
4,C,5,4C5,6/24/2023,175,2023,0,0,0,56.1,47.4,52.7,73.8,30.9,43,53.7,51.6,38.5,1,
4,ES,5,4ES5,6/24/2023,175,2023,0,30,0,14.1,28.2,35.6,23.8,r,21.3,r,,22.2,1,
4,I,5,4I5,6/24/2023,175,2023,50,0,0,25.1,45.1,21.3,42,20,21.6,31.8,39.7,18,1,
4,LS,5,4LS5,6/24/2023,175,2023,0,0,0,13.8,17.3,36.4,15.9,15.5,10.4,28.1,19.4,16.3,1,
4,C,6,4C6,6/24/2023,175,2023,0,0,0,19,30.5,23.6,22.8,13.6,27.8,30.4,25.1,16.2,1,
4,ES,6,4ES6,6/24/2023,175,2023,0,30,0,32.4,87.6,35.2,84.4,41.1,39.5,12.2,48.8,17.6,1,
4,I,6,4I6,6/24/2023,175,2023,50,0,0,17.9,r,15.8,21.9,15.8,r,r,16,22.1,1,
4,LS,6,4LS6,6/24/2023,175,2023,0,0,0,25.7,23.5,20.7,15,8.1,12.1,r,17.4,18.6,1,
1,C,1,1C1,6/30/2023,181,2023,0,0,0,30.1,17.5,24.8,25.3,20.3,23.8,28.1,27.8,24.1,2,
1,ES,1,1ES1,6/30/2023,181,2023,0,50,0,34.1,24,26.3,40.3,31.9,30.69,22.5,33.3,33.8,2,
1,I,1,1I1,6/30/2023,181,2023,50,0,0,29.6,26.1,29.3,30.8,34.1,35.3,36,24.4,30.9,2,
1,LS,1,1LS1,6/30/2023,181,2023,0,0,0,21.6,27.4,24,26.7,31.9,21.2,25.4,21.6,29.7,2,
1,C,2,1C2,6/30/2023,181,2023,0,0,0,31.8,25.3,22.7,29,17.7,26.8,26.8,22.8,31.6,2,
1,ES,2,1ES2,6/30/2023,181,2023,0,50,0,27.7,32.7,28.6,28.7,27.3,26,22.3,30.3,27.1,2,
1,I,2,1I2,6/30/2023,181,2023,50,0,0,36,32.6,25.3,34.7,32.8,32,34,39.2,33.5,2,
1,LS,2,1LS2,6/30/2023,181,2023,0,0,0,26,25.4,28.3,29.3,22.14,35.4,29.2,31.1,22.1,2,
1,C,3,1C3,6/30/2023,181,2023,0,0,0,33.4,27.5,26.3,27.1,33.7,31.6,34.1,20.6,29.8,2,
1,ES,3,1ES3,6/30/2023,181,2023,0,50,0,34.7,28.7,32.3,36.2,22.6,21,37,28,35.6,2,
1,I,3,1I3,6/30/2023,181,2023,50,0,0,20.9,37.8,34,37.5,33.8,29.1,26.2,33.1,34.5,2,
1,LS,3,1LS3,6/30/2023,181,2023,0,0,0,25.8,26.9,29.6,27.8,27,31,29.8,27.8,25.1,2,
1,C,4,1C4,6/30/2023,181,2023,0,0,0,25.9,27.1,37.4,37.6,33.6,33.8,23.2,28.4,21.5,2,
1,ES,4,1ES4,6/30/2023,181,2023,0,50,0,20.6,21.9,30.7,32.9,30,33.6,31.9,29.9,22.5,2,
1,I,4,1I4,6/30/2023,181,2023,50,0,0,27.2,22.6,27.3,37.2,20.9,27.6,31.1,19.2,32.4,2,
1,LS,4,1LS4,6/30/2023,181,2023,0,0,0,23.9,33.3,22.5,26.8,30.7,35.5,55.6,34,34.9,2,
1,C,5,1C5,6/30/2023,181,2023,0,0,0,24.9,35.7,26.8,29.6,24.3,28.9,24.3,31.6,32.1,2,
1,ES,5,1ES5,6/30/2023,181,2023,0,50,0,31.3,25.3,22.2,31.2,30.8,31.7,31.1,35.3,29.4,2,
1,I,5,1I5,6/30/2023,181,2023,50,0,0,31.2,36.6,28.9,28.5,32.3,24.2,30.4,34.1,25.8,2,
1,LS,5,1LS5,6/30/2023,181,2023,0,0,0,33.4,28.9,31.3,28.3,37.8,25.8,26,33.3,30.1,2,
1,C,6,1C6,6/30/2023,181,2023,0,0,0,25.3,35.3,28.5,28.4,25.6,28.4,28.1,19.2,21.6,2,
1,ES,6,1ES6,6/30/2023,181,2023,0,50,0,27.5,38,29.8,29.2,30.8,34.1,28.3,35,35.6,2,
1,I,6,1I6,6/30/2023,181,2023,50,0,0,27.1,31.5,37.2,29.5,30.1,32.1,27.1,33.2,23.1,2,
1,LS,6,1LS6,6/30/2023,181,2023,0,0,0,29.9,35.5,23.4,30.3,27.3,32,27.5,25.2,31.7,2,
1,C,7,1C7,6/30/2023,181,2023,0,0,0,26.9,34.7,30.4,38.6,32.9,28.2,15.2,34.1,22.8,2,
1,ES,7,1ES7,6/30/2023,181,2023,0,50,0,30.9,33.3,35,32.6,29.7,27.3,30.1,24.1,30.6,2,
1,I,7,1I7,6/30/2023,181,2023,50,0,0,34.1,38.9,35.1,28.8,31.8,28.4,25.6,23.5,23,2,
1,LS,7,1LS7,6/30/2023,181,2023,0,0,0,27.3,31.3,27.7,27.7,25,33.9,35.4,27.3,35.5,2,
2,C,1,2C1,6/30/2023,181,2023,0,0,0,32.1,38.2,41.4,50.3,42,36.7,46.3,47.1,46.5,2,
2,ES,1,2ES1,6/30/2023,181,2023,0,50,0,49,52.2,76.1,45.1,22.7,71.7,70.9,50.1,44.4,2,
2,I,1,2I1,6/30/2023,181,2023,50,0,0,26.7,36.7,42.7,48.6,47.2,40.9,36.8,33.2,36.1,2,
2,LS,1,2LS1,6/30/2023,181,2023,0,0,0,48.4,37.2,47.6,46.5,44.1,32.4,44.9,36.9,41,2,
2,C,2,2C2,6/30/2023,181,2023,0,0,0,59.5,39.9,47,84.5,44.2,51.8,44.5,49,40.8,2,
2,ES,2,2ES2,6/30/2023,181,2023,0,50,0,75.7,63.5,78,41.7,49.3,at,87.2,at,81.4,2,
2,I,2,2I2,6/30/2023,181,2023,50,0,0,41.8,44.5,35,35,28.3,40.7,40.5,47.4,30.6,2,
2,LS,2,2LS2,6/30/2023,181,2023,0,0,0,49.1,73.6,35.3,59.5,85,81.6,at,at,43.1,2,
2,C,3,2C3,6/30/2023,181,2023,0,0,0,38.2,40.4,49.8,52.6,68.7,42.3,60.7,47.4,55,2,
2,ES,3,2ES3,6/30/2023,181,2023,0,50,0,23.2,36.4,26.2,38.4,40.3,44.3,28.5,33.1,41.4,2,
2,I,3,2I3,6/30/2023,181,2023,50,0,0,39.8,39.7,56.9,32.5,44.6,46.2,38.1,32.7,41,2,
2,LS,3,2LS3,6/30/2023,181,2023,0,0,0,46.7,35.8,26.2,48.3,33.4,40.7,26.4,39.2,23.5,2,
2,C,4,2C4,6/30/2023,181,2023,0,0,0,66.7,81.8,77.2,81.9,61.2,85,71.1,80.8,73.8,2,
2,ES,4,2ES4,6/30/2023,181,2023,0,50,0,83.7,72.2,at,83.8,83.4,77.9,87.5,76.4,NA,2,"*) here 'NA' = aCtually mIssIng, forgot to wrIte down?"
2,I,4,2I4,6/30/2023,181,2023,50,0,0,34.7,37,58.4,64.4,44.5,75.3,at,54.4,49.7,2,
2,LS,4,2LS4,6/30/2023,181,2023,0,0,0,84.3,84.5,73.2,86,61.9,86.7,82.8,85.3,84,2,
2,C,5,2C5,6/30/2023,181,2023,0,0,0,34.7,41.1,46.9,36.5,42.1,33.3,40.2,39.2,48.8,2,
2,ES,5,2ES5,6/30/2023,181,2023,0,50,0,46.7,49.7,58.8,36.9,46,34.8,39.4,60.1,55.5,2,
2,I,5,2I5,6/30/2023,181,2023,50,0,0,40.1,43,47.9,58.6,50.6,43.2,40.9,42.7,42.8,2,
2,LS,5,2LS5,6/30/2023,181,2023,0,0,0,39.8,44.6,39.6,46.5,42.4,42,47.9,42.7,36.4,2,
2,C,6,2C6,6/30/2023,181,2023,0,0,0,45.7,30.9,48.7,37.7,48,42.5,45.8,47.8,34.2,2,
2,ES,6,2ES6,6/30/2023,181,2023,0,50,0,37.5,30.6,40.6,39.2,38,32.5,46.2,34.5,42.4,2,
2,I,6,2I6,6/30/2023,181,2023,50,0,0,33,59.5,44.7,37.6,35.3,30.1,32.4,42.5,37.6,2,
2,LS,6,2LS6,6/30/2023,181,2023,0,0,0,40.9,41,31.6,25.6,30.5,32.5,59.8,39.9,36.7,2,
2,C,7,2C7,6/30/2023,181,2023,0,0,0,47.6,44,46.5,43.8,42.8,40,37,43.5,45.3,2,
2,ES,7,2ES7,6/30/2023,181,2023,0,50,0,57.2,37.8,62.1,36.6,48.7,58.8,35.7,43.6,45,2,
2,I,7,2I7,6/30/2023,181,2023,50,0,0,36.8,39.8,46.6,35.2,46,43.5,38.4,43.6,47,2,
2,LS,7,2LS7,6/30/2023,181,2023,0,0,0,38,35.6,40.5,43,34.2,36.3,48.4,42,52.4,2,
3,C,1,3C1,6/30/2023,181,2023,0,0,0,29,44.6,39.6,5,40,22.7,34.1,36.6,29.5,2,
3,I,1,3I1,6/30/2023,181,2023,50,0,0,at,at,sat,sat,at,at,85.8,35.6,at,2,
3,C,2,3C2,6/30/2023,181,2023,0,0,0,15.6,37.8,40.5,41.8,9.9,17.9,30.7,32.5,26.3,2,
3,I,2,3I2,6/30/2023,181,2023,50,0,0,39.2,26,34.6,35,22.7,31.5,17.5,41.8,39.7,2,
3,C,3,3C3,6/30/2023,181,2023,0,0,0,20.9,2.4,22.6,6.5,28.1,40.3,38.4,27.7,35.2,2,
3,I,3,3I3,6/30/2023,181,2023,50,0,0,36.8,30,37.5,39.7,40.7,39.6,20.3,38.7,39.7,2,
3,C,4,3C4,6/30/2023,181,2023,0,0,0,16.8,41.2,10.8,24.9,23.3,r,r,r,13.8,2,
3,I,4,3I4,6/30/2023,181,2023,50,0,0,21,48.6,22,19.5,17.6,17.8,r,19.7,r,2,
3,C,5,3C5,6/30/2023,181,2023,0,0,0,4.2,16.2,25.7,37.3,20.7,21.3,34.9,34,38,2,
3,I,5,3I5,6/30/2023,181,2023,50,0,0,r,20.5,r,17.4,33.4,r,r,18.6,17.6,2,
3,C,6,3C6,6/30/2023,181,2023,0,0,0,61.5,63.9,at,74.7,83.3,78.9,51.5,63,87.3,2,
3,I,6,3I6,6/30/2023,181,2023,50,0,0,49.6,30.4,23.6,16.1,22.7,16,46.7,31.7,23.3,2,
4,C,1,4C1,6/30/2023,181,2023,0,0,0,39.3,36.5,46.8,44.8,at,41.7,43.2,49.8,45.8,2,
4,ES,1,4ES1,6/30/2023,181,2023,0,50,0,46.6,59.5,48.3,22.7,26.9,46.8,36,33.8,26.3,2,
4,I,1,4I1,6/30/2023,181,2023,50,0,0,44.4,25.4,47.7,47.1,25.8,34.2,49.6,10.6,43.1,2,
4,LS,1,4LS1,6/30/2023,181,2023,0,0,0,23.8,29.6,13.7,27.9,18.4,31.4,24.6,16.1,9.4,2,
4,C,2,4C2,6/30/2023,181,2023,0,0,0,41.2,r,22.8,42.7,45.7,41,27.3,21.8,44,2,
4,ES,2,4ES2,6/30/2023,181,2023,0,50,0,sat,at,sat,sat,at,at,48.5,48.2,sat,2,
4,I,2,4I2,6/30/2023,181,2023,50,0,0,at,sat,sat,sat,sat,sat,sat,sat,sat,2,
4,LS,2,4LS2,6/30/2023,181,2023,0,0,0,at,at,sat,at,71.1,85.9,16.1,sat,83.5,2,
4,C,3,4C3,6/30/2023,181,2023,0,0,0,sat,sat,at,at,at,sat,at,at,at,2,
4,ES,3,4ES3,6/30/2023,181,2023,0,50,0,at,sat,at,at,sat,at,at,at,sat,2,
4,I,3,4I3,6/30/2023,181,2023,50,0,0,83.1,32.1,29.2,at,79.4,at,66.3,at,66,2,
4,LS,3,4LS3,6/30/2023,181,2023,0,0,0,27,at,78.6,at,45.1,at,48.3,at,at,2,
4,C,4,4C4,6/30/2023,181,2023,0,0,0,at,21.2,38,at,sat,sat,28,20.2,72.9,2,
4,ES,4,4ES4,6/30/2023,181,2023,0,50,0,sat,sat,sat,at,sat,at,at,sat,sat,2,
4,I,4,4I4,6/30/2023,181,2023,50,0,0,33.1,37.4,40.2,34.2,67.7,82.4,48.3,40.9,54.4,2,
4,LS,4,4LS4,6/30/2023,181,2023,0,0,0,19.7,20.4,33.8,33.9,18.3,26.8,4.1,14.3,40.8,2,
4,C,5,4C5,6/30/2023,181,2023,0,0,0,43.8,46.9,38.3,48.8,33.3,40.2,27.9,47.1,27.8,2,
4,ES,5,4ES5,6/30/2023,181,2023,0,50,0,34.1,r,19.9,r,r,7.6,40.2,r,21.9,2,
4,I,5,4I5,6/30/2023,181,2023,50,0,0,17.5,15.2,25.7,15,21.3,39.9,20.1,37.5,13.9,2,
4,LS,5,4LS5,6/30/2023,181,2023,0,0,0,23.8,22.8,19.5,15.3,9.4,9.8,32.8,11.3,10.6,2,
4,C,6,4C6,6/30/2023,181,2023,0,0,0,36.3,at,41.5,36.9,r,18.3,18.7,28.8,29.9,2,
4,ES,6,4ES6,6/30/2023,181,2023,0,50,0,59.6,45.1,27.4,47.8,87.4,at,at,at,31.1,2,
4,I,6,4I6,6/30/2023,181,2023,50,0,0,21.4,r,17.4,r,36.3,r,20.7,r,15.9,2,
4,LS,6,4LS6,6/30/2023,181,2023,0,0,0,17,13.8,r,12.2,13.4,9.8,11.4,22.6,17,2,
1,C,1,1C1,07/10/2023,191,2023,0,0,0,24.1,23.6,23.7,21.8,20.7,21.1,20.1,22.5,23.4,3,
1,ES,1,1ES1,07/10/2023,191,2023,0,50,0,29.1,25.4,23.6,31.9,26.7,29.8,23.8,28.9,26.9,3,
1,I,1,1I1,07/10/2023,191,2023,50,0,0,30.3,23,27.6,25.8,26.8,31.2,28.7,22.1,23.8,3,
1,LS,1,1LS1,07/10/2023,191,2023,0,0,30,21.6,26.4,26.7,23.5,27,27.5,25.2,20.3,26.4,3,
1,C,2,1C2,07/10/2023,191,2023,0,0,0,30.3,21.8,21.3,26.5,26.4,24.2,25.6,23.4,27,3,
1,ES,2,1ES2,07/10/2023,191,2023,0,50,0,23.1,26.3,23,25,23.3,21.4,20.9,22.2,25.9,3,
1,I,2,1I2,07/10/2023,191,2023,50,0,0,29,29.1,17.6,30.9,28,29.5,28.3,31.8,34.9,3,
1,LS,2,1LS2,07/10/2023,191,2023,0,0,30,27.7,24.3,26.4,26.8,25.4,31.6,21,28.3,21.3,3,
1,C,3,1C3,07/10/2023,191,2023,0,0,0,29.7,23.6,23.2,24.6,29.4,29.8,29.1,27.1,27.6,3,
1,ES,3,1ES3,07/10/2023,191,2023,0,50,0,30.1,28,27.8,28.6,18.2,17.7,33.6,25.9,28.6,3,
1,I,3,1I3,07/10/2023,191,2023,50,0,0,22.6,37,30.8,27,21.2,27.5,31.2,28.2,27.4,3,
1,LS,3,1LS3,07/10/2023,191,2023,0,0,30,24.6,26.2,24.6,31.1,25.9,28.8,31.4,27.7,16.1,3,
1,C,4,1C4,07/10/2023,191,2023,0,0,0,28.3,26.5,31.8,34.8,32.8,27.5,25,30.5,21.1,3,
1,ES,4,1ES4,07/10/2023,191,2023,0,50,0,19.8,22,26.9,29.2,27,29.7,25.7,28.5,22.1,3,
1,I,4,1I4,07/10/2023,191,2023,50,0,0,28,23,22,36.2,21.3,27.9,28.1,18.2,26.8,3,
1,LS,4,1LS4,07/10/2023,191,2023,0,0,30,19.5,34,22.2,26.2,30.4,33.4,33.3,32,28.7,3,
1,C,5,1C5,07/10/2023,191,2023,0,0,0,15.5,29.9,31.9,18.2,17.6,26.4,21,29.7,28,3,
1,ES,5,1ES5,07/10/2023,191,2023,0,50,0,29.1,26.5,26.8,30.3,27.7,28.3,28.4,31.9,27.3,3,
1,I,5,1I5,07/10/2023,191,2023,50,0,0,26.7,34.8,32.5,26.5,31.1,26,30.3,32.4,23.4,3,
1,LS,5,1LS5,07/10/2023,191,2023,0,0,30,28.9,25.7,19.6,18.1,33.4,20,21.4,28.2,29.3,3,
1,C,6,1C6,07/10/2023,191,2023,0,0,0,20.1,28.1,22.2,25.7,27,27.9,26.9,18,16.2,3,
1,ES,6,1ES6,07/10/2023,191,2023,0,50,0,26.2,32.5,22.8,23.7,27.5,28.5,23.7,29.6,33.1,3,
1,I,6,1I6,07/10/2023,191,2023,50,0,0,22.9,26,29.7,27.6,28,29.7,27.7,28,26.9,3,
1,LS,6,1LS6,07/10/2023,191,2023,0,0,30,31.6,34,22.2,28.6,25.6,28,26.6,31.3,32.1,3,
1,C,7,1C7,07/10/2023,191,2023,0,0,0,27.1,32.3,29.2,32.7,29.5,27.3,27.8,31.5,22.8,3,
1,ES,7,1ES7,07/10/2023,191,2023,0,50,0,28.4,30.2,29.9,25.3,28.3,26.2,27.5,24.3,29.3,3,
1,I,7,1I7,07/10/2023,191,2023,50,0,0,31.9,34.8,31.3,27.9,27.6,27.7,24.7,30.5,27.4,3,
1,LS,7,1LS7,07/10/2023,191,2023,0,0,30,30.3,32.2,25,30.5,23.6,31,31.9,27.2,31.4,3,
2,C,1,2C1,07/10/2023,191,2023,0,0,0,33.9,32.5,36.3,47.4,42,32.5,41,40.7,38.9,3,
2,ES,1,2ES1,07/10/2023,191,2023,0,50,0,41.6,34.7,47.7,33.7,40.6,49.6,41.9,35.2,34.8,3,
2,I,1,2I1,07/10/2023,191,2023,50,0,0,35.1,35.8,12.8,41.9,38.5,34.6,39.2,30.2,42.3,3,
2,LS,1,2LS1,07/10/2023,191,2023,0,0,30,40.6,39.8,42.7,40.2,40.3,29.1,41.8,44.6,47.8,3,
2,C,2,2C2,07/10/2023,191,2023,0,0,0,40.3,29.8,35.6,32.9,34.5,32.7,34.4,31,34.7,3,
2,ES,2,2ES2,07/10/2023,191,2023,0,50,0,48.3,35.6,49.4,33.6,30.7,32.6,77.2,60.3,36.5,3,
2,I,2,2I2,07/10/2023,191,2023,50,0,0,34.6,35.3,28.5,31.8,26.4,35.5,37.9,44.1,20.2,3,
2,LS,2,2LS2,07/10/2023,191,2023,0,0,30,31.7,45.8,32.9,28.7,39.1,44.2,51.1,45.9,32,3,
2,C,3,2C3,07/10/2023,191,2023,0,0,0,32.3,23.5,29.7,31.2,39.8,22.5,41,25.2,30.9,3,
2,ES,3,2ES3,07/10/2023,191,2023,0,50,0,19.8,21.2,19,22.1,24.2,29.1,22.6,21.1,32.6,3,
2,I,3,2I3,07/10/2023,191,2023,50,0,0,25,19.6,36.9,25.1,26.4,29.4,23.3,21.1,25.4,3,
2,LS,3,2LS3,07/10/2023,191,2023,0,0,30,27.2,21.5,20.5,38.2,19.7,15.1,16.2,28.5,13.2,3,
2,C,4,2C4,07/10/2023,191,2023,0,0,0,39.5,46.9,28.4,38.8,41,30,37.5,43.8,26.7,3,
2,ES,4,2ES4,07/10/2023,191,2023,0,50,0,35.3,28.2,50.6,33.8,52.1,45.5,33.9,33.7,39.2,3,
2,I,4,2I4,07/10/2023,191,2023,50,0,0,15.8,24.7,33.2,34.3,17.4,37.7,36.9,35.5,27.1,3,
2,LS,4,2LS4,07/10/2023,191,2023,0,0,30,43.2,40.9,36.1,54.9,36.3,57.4,39.3,54.9,45.8,3,
2,C,5,2C5,07/10/2023,191,2023,0,0,0,21.9,37.5,43.3,43,34.8,23.7,36.7,36.2,45.9,3,
2,ES,5,2ES5,07/10/2023,191,2023,0,50,0,27.6,40.2,45.6,30.2,33.9,30.5,26.2,35.8,45.7,3,
2,I,5,2I5,07/10/2023,191,2023,50,0,0,35.4,27.3,38,44.9,45.3,36.6,34,38.5,38.9,3,
2,LS,5,2LS5,07/10/2023,191,2023,0,0,30,33.2,38.6,39.8,38.2,37.9,38.2,38.8,38.6,39,3,
2,C,6,2C6,07/10/2023,191,2023,0,0,0,33.2,25.7,38.1,30.3,25.9,44.1,42.8,41.3,29.3,3,
2,ES,6,2ES6,07/10/2023,191,2023,0,50,0,29.7,27,32.3,26.2,31.9,27.1,38,25.6,31.1,3,
2,I,6,2I6,07/10/2023,191,2023,50,0,0,25.7,29.3,40.6,29.3,32.6,28.4,24.6,37.9,32.4,3,
2,LS,6,2LS6,07/10/2023,191,2023,0,0,30,31.3,34.9,26.2,26.1,25.6,26,34.7,30.5,39.2,3,
2,C,7,2C7,07/10/2023,191,2023,0,0,0,51.2,38.5,41.5,37.7,32.4,34.4,25.1,33.2,44.8,3,
2,ES,7,2ES7,07/10/2023,191,2023,0,50,0,43.1,29,43.5,24,35.3,32.1,32,38.2,36.2,3,
2,I,7,2I7,07/10/2023,191,2023,50,0,0,29.5,29.9,33.9,31.8,38.8,37.2,31.6,38.6,41.8,3,
2,LS,7,2LS7,07/10/2023,191,2023,0,0,30,39.2,35.8,38.6,43,33.2,42.1,62.7,40.2,64.9,3,
3,C,1,3C1,07/10/2023,191,2023,0,0,0,21.8,34.7,24.1,0,23.9,30.3,9.3,26.6,19.2,3,
3,I,1,3I1,07/10/2023,191,2023,50,0,0,32.4,31.2,33.2,33.7,13.4,26,36.7,10.8,18.1,3,
3,C,2,3C2,07/10/2023,191,2023,0,0,0,16.3,30.6,28.6,38.7,3.4,14.9,31.5,39.5,21.9,3,
3,I,2,3I2,07/10/2023,191,2023,50,0,0,29.9,36.6,23.3,30.7,27.8,21.9,18.5,37.9,10.5,3,
3,C,3,3C3,07/10/2023,191,2023,0,0,0,24.8,16.1,20.2,18.8,30,36.9,33.9,35.4,26.8,3,
3,I,3,3I3,07/10/2023,191,2023,50,0,0,31,23.3,30.3,35.9,36.6,34.9,10.2,35.7,29.7,3,
3,C,4,3C4,07/10/2023,191,2023,0,0,0,r,28.1,11.7,14.5,r,r,r,r,r,3,
3,I,4,3I4,07/10/2023,191,2023,50,0,0,r,42.3,r,r,15,14.4,r,16,r,3,
3,C,5,3C5,07/10/2023,191,2023,0,0,0,7.8,18.5,15.5,24.6,16.2,22.5,26.4,25.8,35.9,3,
3,I,5,3I5,07/10/2023,191,2023,50,0,0,r,14.4,r,17,r,r,r,r,13.3,3,
3,C,6,3C6,07/10/2023,191,2023,0,0,0,27.6,16.9,9.7,12.6,24.7,17.5,r,25.4,23.7,3,
3,I,6,3I6,07/10/2023,191,2023,50,0,0,25.3,10,13.1,8.7,24,17.6,37.4,16.1,10.9,3,
4,C,1,4C1,07/10/2023,191,2023,0,0,0,44.7,36.2,37.6,19.1,9.3,42.6,27.6,26.2,8.8,3,"*) plot labeLS seemed swapped, CheCk If thIs Is an outlIer relatIve to earlIer measurements for same plot"
4,ES,1,4ES1,07/10/2023,191,2023,0,50,0,43.9,16.8,46.9,7.5,8,45.6,24,23.9,10.9,3,"*) plot labeLS seemed swapped, CheCk If thIs Is an outlIer relatIve to earlIer measurements for same plot"
4,I,1,4I1,07/10/2023,191,2023,50,0,0,45.8,46.9,44.1,37.7,23.3,28.2,49.5,5.6,20.4,3,
4,LS,1,4LS1,07/10/2023,191,2023,0,0,30,21.6,46.8,8.9,28.7,22.2,56,8.6,17.4,4,3,
4,C,2,4C2,07/10/2023,191,2023,0,0,0,10.6,r,9,0.8,42.4,32.7,8.9,14.5,37.3,3,
4,ES,2,4ES2,07/10/2023,191,2023,0,50,0,35.3,31.2,14.9,27.9,26.2,33.8,7.8,5.2,41.4,3,
4,I,2,4I2,07/10/2023,191,2023,50,0,0,39.2,sat,at,76.7,sat,86.4,sat,sat,sat,3,
4,LS,2,4LS2,07/10/2023,191,2023,0,0,30,21.1,20.9,27.4,27,39.6,17.7,13.3,26,36.9,3,
4,C,3,4C3,07/10/2023,191,2023,0,0,0,sat,at,at,at,86.9,100,at,71.4,at,3,
4,ES,3,4ES3,07/10/2023,191,2023,0,50,0,61.1,28.6,15.8,41.1,48.6,28.9,84,84.9,24,3,
4,I,3,4I3,07/10/2023,191,2023,50,0,0,30.7,25.9,20.2,51.4,39.2,74.9,21.2,17.3,24.1,3,
4,LS,3,4LS3,07/10/2023,191,2023,0,0,30,15.8,at,26.1,27.2,16.9,23.6,15.4,13.7,45.6,3,
4,C,4,4C4,07/10/2023,191,2023,0,0,0,16.6,9.5,38.4,36.1,78.2,sat,21.1,8.9,29.6,3,
4,ES,4,4ES4,07/10/2023,191,2023,0,50,0,56.3,84.7,71.6,57.5,67.1,68.6,55.6,at,33.6,3,
4,I,4,4I4,07/10/2023,191,2023,50,0,0,23.4,38.4,28.2,27.6,27.9,49.9,26.1,14.9,23.8,3,
4,LS,4,4LS4,07/10/2023,191,2023,0,0,30,20.7,16.2,16.7,27.2,1.6,22.9,r,4.2,26.8,3,
4,C,5,4C5,07/10/2023,191,2023,0,0,0,44.6,40.9,40.8,31.9,10.8,38.4,40.7,35.2,22.1,3,
4,ES,5,4ES5,07/10/2023,191,2023,0,50,0,13.2,r,15.4,9.7,r,11,33,24.9,16.6,3,
4,I,5,4I5,07/10/2023,191,2023,50,0,0,12.8,16.3,18.3,15.4,15.2,29.9,15.5,20.3,9.2,3,
4,LS,5,4LS5,07/10/2023,191,2023,0,0,30,17.6,13.9,15.1,7.2,4.4,9.3,12.6,26,7.1,3,
4,C,6,4C6,07/10/2023,191,2023,0,0,0,14.9,46,26.2,21.6,25.8,14.5,r,25.3,15.6,3,
4,ES,6,4ES6,07/10/2023,191,2023,0,50,0,26.6,31.9,6.3,29.2,41.5,at,at,at,at,3,
4,I,6,4I6,07/10/2023,191,2023,50,0,0,17.4,r,31.2,r,18.8,r,19.5,12.4,20,3,
4,LS,6,4LS6,07/10/2023,191,2023,0,0,30,18.4,14.3,r,11.1,3.9,16.5,14.3,17.9,r,3,
1,C,1,1C1,7/16/2023,197,2023,0,0,0,21.4,12.3,20.5,19.4,13,16.6,19.1,19,23.2,4,
1,ES,1,1ES1,7/16/2023,197,2023,0,50,0,25,19.7,19.6,32.2,29.5,23.6,18.6,22.5,25.2,4,
1,I,1,1I1,7/16/2023,197,2023,50,0,0,19,20.3,25.2,23.2,26,29.6,27.7,20.4,21.5,4,
1,LS,1,1LS1,7/16/2023,197,2023,0,0,50,21.5,23.8,26.3,23,24.5,28.1,24.8,19.7,22.1,4,
1,C,2,1C2,7/16/2023,197,2023,0,0,0,25.5,22.4,16.5,21.1,24.4,19.9,23.8,19,23.6,4,
1,ES,2,1ES2,7/16/2023,197,2023,0,50,0,23.5,23.2,16.4,25.2,22.7,28.2,20.8,22.5,24.3,4,
1,I,2,1I2,7/16/2023,197,2023,50,0,0,25.1,25.8,23.3,29.3,26.1,24.7,25.7,28,28,4,
1,LS,2,1LS2,7/16/2023,197,2023,0,0,50,24.2,22.4,14.4,23,18.2,27.1,18.6,25.1,21.6,4,
1,C,3,1C3,7/16/2023,197,2023,0,0,0,22.9,18.6,21.3,24,26,26.9,25.2,22.9,22.9,4,
1,ES,3,1ES3,7/16/2023,197,2023,0,50,0,23.9,23.1,25.3,23.6,24.5,17.6,29.9,20.9,28.7,4,
1,I,3,1I3,7/16/2023,197,2023,50,0,0,29.3,29.5,28.1,13.4,22.6,24.6,29.5,28,26.6,4,
1,LS,3,1LS3,7/16/2023,197,2023,0,0,50,24.8,25,24.8,25.4,20.9,26.1,26.9,21.8,22.1,4,
1,C,4,1C4,7/16/2023,197,2023,0,0,0,22,25.3,24.7,32.5,28.1,27,19.5,27.5,17.6,4,
1,ES,4,1ES4,7/16/2023,197,2023,0,50,0,17.9,15.6,21.3,22.3,20.6,26.4,19.3,23.9,22,4,
1,I,4,1I4,7/16/2023,197,2023,50,0,0,24,20.9,20.7,28.5,17.6,17.7,27.3,15.3,24.1,4,
1,LS,4,1LS4,7/16/2023,197,2023,0,0,50,23.6,26.2,14.5,25,26.4,33.6,31,30.2,28.3,4,
1,C,5,1C5,7/16/2023,197,2023,0,0,0,19.7,28.1,27.8,22.8,18.7,25.3,23.9,25.2,27.3,4,
1,ES,5,1ES5,7/16/2023,197,2023,0,50,0,25.8,21.3,20.2,26,26.4,21.1,32.4,26.5,23.8,4,
1,I,5,1I5,7/16/2023,197,2023,50,0,0,25.2,29.6,26.8,23,25.2,25.9,27.5,29.8,14.5,4,
1,LS,5,1LS5,7/16/2023,197,2023,0,0,50,25,23.2,17.8,25.7,31.3,15.8,24.8,24.1,20.6,4,
1,C,6,1C6,7/16/2023,197,2023,0,0,0,24.4,30.3,17.4,24.3,24.6,22.5,25.3,20.4,21.7,4,
1,ES,6,1ES6,7/16/2023,197,2023,0,50,0,20.1,32.4,24.1,19.3,22,27.3,22,31.9,28.9,4,
1,I,6,1I6,7/16/2023,197,2023,50,0,0,23.3,23.2,32.1,24,22.8,28.6,23.3,26.2,21.3,4,
1,LS,6,1LS6,7/16/2023,197,2023,0,0,50,24.1,31,20.4,29.4,24.6,26.9,26.1,29.7,29,4,
1,C,7,1C7,7/16/2023,197,2023,0,0,0,18.8,23,21.4,28.7,23.7,23.5,27.2,29,23.6,4,
1,ES,7,1ES7,7/16/2023,197,2023,0,50,0,22.1,26.3,27.8,25.6,26.7,21.7,19.8,22.7,21.6,4,
1,I,7,1I7,7/16/2023,197,2023,50,0,0,28.9,32.4,28.6,24.5,31.4,24.4,18.4,17.8,21.5,4,
1,LS,7,1LS7,7/16/2023,197,2023,0,0,50,22.6,24,21.4,25.4,20.1,28.6,28.7,24.7,32,4,
2,C,1,2C1,7/16/2023,197,2023,0,0,0,32.2,33.6,38.8,41.8,35.4,30.7,43.2,38.6,39.8,4,
2,ES,1,2ES1,7/16/2023,197,2023,0,50,0,33.1,34.7,40.5,34.6,32.8,40.8,37.2,26.2,29.4,4,
2,I,1,2I1,7/16/2023,197,2023,50,0,0,26.5,28.2,36.9,38.1,40.6,28.1,27.3,29.8,37.6,4,
2,LS,1,2LS1,7/16/2023,197,2023,0,0,50,36.2,38.7,48.6,37.3,36.3,31.8,43.5,43.5,43,4,
2,C,2,2C2,7/16/2023,197,2023,0,0,0,37.9,33.5,37.1,32,26.9,39.6,33.1,32.5,30.7,4,
2,ES,2,2ES2,7/16/2023,197,2023,0,50,0,54.4,35.4,37.9,25.5,20,26,46.3,34.1,39.4,4,
2,I,2,2I2,7/16/2023,197,2023,50,0,0,31.1,38.4,23.9,30,31.2,35.6,38.9,38.5,23.5,4,
2,LS,2,2LS2,7/16/2023,197,2023,0,0,50,31,28,30.5,23.7,45.6,35.8,47.6,45.1,36.2,4,
2,C,3,2C3,7/16/2023,197,2023,0,0,0,26.1,23.4,31.2,29,37.3,24.3,38,18.6,32.8,4,
2,ES,3,2ES3,7/16/2023,197,2023,0,50,0,13.8,19.9,18.7,19.4,18.8,25.2,13.1,15.1,23.2,4,
2,I,3,2I3,7/16/2023,197,2023,50,0,0,24.5,20.2,24.2,18,14.8,21.9,20.1,12.9,24,4,
2,LS,3,2LS3,7/16/2023,197,2023,0,0,50,26.1,17.8,13.9,36.8,19.1,11.3,15.3,24.2,18.7,4,
2,C,4,2C4,7/16/2023,197,2023,0,0,0,32.2,44.8,23.8,33.1,39,27.4,27,35.7,33.6,4,
2,ES,4,2ES4,7/16/2023,197,2023,0,50,0,35.7,26.4,41.9,32.5,41.6,47.9,36.3,35.5,43,4,
2,I,4,2I4,7/16/2023,197,2023,50,0,0,27.8,26.9,53.9,32,26.9,34.6,34,28.2,25,4,
2,LS,4,2LS4,7/16/2023,197,2023,0,0,50,39.5,34.7,31.4,38.7,31.2,44.8,39,38.2,37.8,4,
2,C,5,2C5,7/16/2023,197,2023,0,0,0,35.7,36.7,40.3,33.3,36.7,24,27.2,33.3,37.2,4,
2,ES,5,2ES5,7/16/2023,197,2023,0,50,0,29,40,41.7,34.6,27.8,30.3,20.1,37.7,36,4,
2,I,5,2I5,7/16/2023,197,2023,50,0,0,42.9,31.3,37.5,34.6,35,34.5,35.5,36.9,37.5,4,
2,LS,5,2LS5,7/16/2023,197,2023,0,0,50,34,34.1,31.7,39,38.5,39.6,44.2,35.5,31.1,4,
2,C,6,2C6,7/16/2023,197,2023,0,0,0,30.1,26.4,37.6,34,31.9,33.5,40.2,42.8,27.7,4,
2,ES,6,2ES6,7/16/2023,197,2023,0,50,0,24.4,15.5,23.6,26.1,25.8,22.6,33.1,20.8,28.3,4,
2,I,6,2I6,7/16/2023,197,2023,50,0,0,23.8,30.6,37.6,28,30,31,25.9,30.6,29.6,4,
2,LS,6,2LS6,7/16/2023,197,2023,0,0,50,29.6,34.6,30.4,23.1,25.8,22.6,33.1,20.8,28.3,4,
2,C,7,2C7,7/16/2023,197,2023,0,0,0,38.2,45.1,38.3,37.5,27.9,33,27.3,42.3,44.3,4,
2,ES,7,2ES7,7/16/2023,197,2023,0,50,0,38.7,30.8,38.3,37.5,27.9,33,27.3,42.3,44.3,4,
2,I,7,2I7,7/16/2023,197,2023,50,0,0,28.6,34.8,39.3,38.6,37.6,32.3,40.4,35.1,40.8,4,
2,LS,7,2LS7,7/16/2023,197,2023,0,0,50,37.8,35,36.1,44.5,38.6,33.5,44,35.8,46.5,4,
3,C,1,3C1,7/16/2023,197,2023,0,0,0,14.5,34,22.2,r,25.4,33.1,20.6,33.8,17.2,4,
3,I,1,3I1,7/16/2023,197,2023,50,0,0,22.4,16.4,20.1,24.4,20.2,22.6,32.9,8.2,18.4,4,
3,C,2,3C2,7/16/2023,197,2023,0,0,0,15.2,29.9,30.5,38.6,3.3,16.7,30.4,33,13.7,4,
3,I,2,3I2,7/16/2023,197,2023,50,0,0,34.3,27.6,31.2,28,24.2,24.2,20.4,40.1,35.1,4,
3,C,3,3C3,7/16/2023,197,2023,0,0,0,27.6,10.4,19.3,18.5,22.9,33.8,28.6,22.5,39,4,
3,I,3,3I3,7/16/2023,197,2023,50,0,0,27,31.5,35.6,42,35.8,36.2,19.6,31.1,24.9,4,
3,C,4,3C4,7/16/2023,197,2023,0,0,0,r,25.9,11.3,13.2,14.8,r,r,r,r,4,
3,I,4,3I4,7/16/2023,197,2023,50,0,0,23.1,36,r,15.3,15.3,12.3,r,16.4,r,4,
3,C,5,3C5,7/16/2023,197,2023,0,0,0,15.4,11.3,17.3,24.7,14.1,27.3,26.9,24.7,29.1,4,
3,I,5,3I5,7/16/2023,197,2023,50,0,0,r,r,r,9.1,r,r,r,r,r,4,
3,C,6,3C6,7/16/2023,197,2023,0,0,0,12.6,15.4,0.6,12.5,16.2,13.3,r,21.9,20,4,
3,I,6,3I6,7/16/2023,197,2023,50,0,0,28.4,9.7,11.1,9,22.1,14,33,10.1,10.3,4,
4,C,1,4C1,7/16/2023,197,2023,0,0,0,33.8,29.3,44.6,37.9,35.9,50.5,32.2,33.4,25.9,4,
4,ES,1,4ES1,7/16/2023,197,2023,0,50,0,40.1,20.8,37.1,5.6,15.1,44.4,27.3,29.1,17.4,4,
4,I,1,4I1,7/16/2023,197,2023,50,0,0,37.7,23.1,44.4,11.3,10.4,32.8,41.2,0.8,13.9,4,
4,LS,1,4LS1,7/16/2023,197,2023,0,0,50,23.8,36,9.5,16.3,33.2,42.8,18.2,9.3,14.2,4,
4,C,2,4C2,7/16/2023,197,2023,0,0,0,34.6,r,14.5,6.2,r,75.3,53.2,r,63,4,
4,ES,2,4ES2,7/16/2023,197,2023,0,50,0,29.3,22.8,28,29.8,21.5,32,4.1,16.8,40.6,4,
4,I,2,4I2,7/16/2023,197,2023,50,0,0,27.1,64.9,84.4,60.9,r,75.3,53.2,r,63,4,
4,LS,2,4LS2,7/16/2023,197,2023,0,0,50,36.9,24.7,26.4,22.7,23.8,32.1,20,22.4,36.1,4,
4,C,3,4C3,7/16/2023,197,2023,0,0,0,65.4,at,70.4,at,85.5,at,at,51.1,60.6,4,
4,ES,3,4ES3,7/16/2023,197,2023,0,50,0,49,23.2,9.9,36.9,45.5,25.7,40.5,41.4,33.2,4,
4,I,3,4I3,7/16/2023,197,2023,50,0,0,18.5,28,36.9,45.1,36.5,39.1,30.2,10.6,31.6,4,
4,LS,3,4LS3,7/16/2023,197,2023,0,0,50,19.3,at,27.1,32.8,14.4,33.5,5.2,26.6,29.7,4,
4,C,4,4C4,7/16/2023,197,2023,0,0,0,20.9,7.6,37.6,39.7,r,24.1,19.1,16.2,22.3,4,
4,ES,4,4ES4,7/16/2023,197,2023,0,50,0,42.4,49.1,54.7,69.2,53.8,59.5,42.3,41.3,50.5,4,
4,I,4,4I4,7/16/2023,197,2023,50,0,0,19.9,33.3,38.5,35.7,35.6,53.4,38.8,40.2,39.3,4,
4,LS,4,4LS4,7/16/2023,197,2023,0,0,50,17.7,r,26.9,31.6,9.7,28.9,4.9,10.5,40.6,4,
4,C,5,4C5,7/16/2023,197,2023,0,0,0,33.1,37.7,33.9,36.6,13.2,31.4,47.1,39.9,37.8,4,
4,ES,5,4ES5,7/16/2023,197,2023,0,50,0,19.1,r,r,r,r,4.5,38.9,31.2,22.7,4,
4,I,5,4I5,7/16/2023,197,2023,50,0,0,23.8,23.1,16.6,18.2,21.6,21.6,29.1,34.7,15.1,4,
4,LS,5,4LS5,7/16/2023,197,2023,0,0,50,22.8,18.2,19.1,13.7,13,13.3,28,11.3,6,4,
4,C,6,4C6,7/16/2023,197,2023,0,0,0,35.1,46.8,38.7,17.1,29.7,19.5,r,22.2,37.2,4,
4,ES,6,4ES6,7/16/2023,197,2023,0,50,0,38.5,46,30.8,38.2,35.2,45.7,63.9,58.2,37.2,4,
4,I,6,4I6,7/16/2023,197,2023,50,0,0,27.6,r,14.5,r,27.9,r,20.4,9.6,18.7,4,
4,LS,6,4LS6,7/16/2023,197,2023,0,0,50,22.4,18.2,r,15.6,3.6,15.7,20.5,20.5,13.7,4,
1,C,1,1C1,7/22/2023,203,2023,0,0,0,20.7,18.7,18.7,19.1,15.6,17.1,19.7,19,17.3,5,
1,ES,1,1ES1,7/22/2023,203,2023,0,50,0,22.5,18.3,22.9,26.2,26.4,25.4,19.5,22.4,30.7,5,
1,I,1,1I1,7/22/2023,203,2023,50,0,0,20.4,26.3,21.2,23.1,17.5,27,27.9,17.4,24.5,5,
1,LS,1,1LS1,7/22/2023,203,2023,0,0,50,20,22.5,22.1,21.2,26.9,19.5,22.1,21.7,23,5,
1,C,2,1C2,7/22/2023,203,2023,0,0,0,26.3,20.3,2.7,23,25.1,19.8,22.7,15,15.2,5,
1,ES,2,1ES2,7/22/2023,203,2023,0,50,0,21.4,21.5,18.5,22.3,24.2,25,18.9,20.2,21.2,5,
1,I,2,1I2,7/22/2023,203,2023,50,0,0,25.3,27.6,16.3,24.7,15.4,24,25.5,28.1,32.5,5,
1,LS,2,1LS2,7/22/2023,203,2023,0,0,50,22.4,21.7,17.1,25.1,22,26.3,23,24.2,6.1,5,
1,C,3,1C3,7/22/2023,203,2023,0,0,0,24.1,15.3,18.2,22.5,25.6,20.5,22.8,22.8,18.8,5,
1,ES,3,1ES3,7/22/2023,203,2023,0,50,0,22.9,21.5,23.5,26.4,23.7,17.6,29.6,20.5,25.9,5,
1,I,3,1I3,7/22/2023,203,2023,50,0,0,27.8,34.1,26.3,25.4,20.5,23.8,18.7,24.3,26.7,5,
1,LS,3,1LS3,7/22/2023,203,2023,0,0,50,21.9,22,24.4,27.9,23.5,24.4,25.3,23.5,23.5,5,
1,C,4,1C4,7/22/2023,203,2023,0,0,0,26.4,23.8,30,29.3,31.4,25,16.2,24.7,16,5,
1,ES,4,1ES4,7/22/2023,203,2023,0,50,0,13,19,24.1,18.8,23.5,26.5,23.6,26.4,20.2,5,
1,I,4,1I4,7/22/2023,203,2023,50,0,0,17.3,19.7,14.8,29.5,22.6,25.4,25.5,16.3,22.5,5,
1,LS,4,1LS4,7/22/2023,203,2023,0,0,50,20.4,19.6,19.8,24.4,26.3,29.7,28.6,26.7,28,5,
1,C,5,1C5,7/22/2023,203,2023,0,0,0,18.5,24,27.2,25.4,20.2,25.6,23.7,27,24.9,5,
1,ES,5,1ES5,7/22/2023,203,2023,0,50,0,22.5,14.1,20.7,27.4,18.8,22.4,27.3,27.8,29.2,5,
1,I,5,1I5,7/22/2023,203,2023,50,0,0,26.3,31.6,28.1,21.7,28.6,18.7,25.3,29.6,26.3,5,
1,LS,5,1LS5,7/22/2023,203,2023,0,0,50,27.1,25.2,18.9,24.2,32.4,22.4,21.6,28.4,16.8,5,
1,C,6,1C6,7/22/2023,203,2023,0,0,0,20.1,28.2,20.6,23.8,25.4,23.1,22.3,16,18.3,5,
1,ES,6,1ES6,7/22/2023,203,2023,0,50,0,23.8,32.5,20.8,21.7,23.7,25.1,18.1,28.6,31.2,5,
1,I,6,1I6,7/22/2023,203,2023,50,0,0,20.4,19.2,31,25.7,23.6,22.3,22,24.3,20.6,5,
1,LS,6,1LS6,7/22/2023,203,2023,0,0,50,29.6,29.8,21,24.3,24,28.6,23.3,23.1,26.6,5,
1,C,7,1C7,7/22/2023,203,2023,0,0,0,24,28.6,23.6,30.3,20,23.5,25.5,25.8,23.8,5,
1,ES,7,1ES7,7/22/2023,203,2023,0,50,0,23.6,24.8,26.6,26.6,25.6,24,23.9,23.1,25.2,5,
1,I,7,1I7,7/22/2023,203,2023,50,0,0,26.5,33.6,27.2,27.3,30.6,26.3,22.2,22.1,29.9,5,
1,LS,7,1LS7,7/22/2023,203,2023,0,0,50,27.3,25.9,24.9,25,23.1,20.4,20.2,22.8,32.1,5,
2,C,1,2C1,7/22/2023,203,2023,0,0,0,31.8,30.7,33.6,43.4,31.1,25.1,32.7,37.2,17.2,5,
2,ES,1,2ES1,7/22/2023,203,2023,0,50,0,31,30.7,38.4,31.2,36.3,38.8,40.7,22.3,29.2,5,
2,I,1,2I1,7/22/2023,203,2023,50,0,0,24.7,40.2,37,40.3,45.9,31.8,48.3,30.4,37.6,5,
2,LS,1,2LS1,7/22/2023,203,2023,0,0,50,30.6,37.7,38.1,38.7,39.5,31,36.6,35.1,34,5,
2,C,2,2C2,7/22/2023,203,2023,0,0,0,36.8,30.4,34.7,24.5,22.6,23.3,31.9,27.4,25.6,5,
2,ES,2,2ES2,7/22/2023,203,2023,0,50,0,44.6,27.2,35.5,24.8,23.7,23.2,41.1,43.4,38.9,5,
2,I,2,2I2,7/22/2023,203,2023,50,0,0,34.4,34.7,21.6,31.1,14.5,33.3,28.1,33,17.4,5,
2,LS,2,2LS2,7/22/2023,203,2023,0,0,50,26.2,31.5,27.6,29.2,34.2,36.1,30.2,40.8,32.7,5,
2,C,3,2C3,7/22/2023,203,2023,0,0,0,29.9,23.1,11.3,25.6,34.1,27.6,33.6,29.1,30.1,5,
2,ES,3,2ES3,7/22/2023,203,2023,0,50,0,14.2,17.6,20.3,21.2,23.3,26.4,21.9,23.2,24.1,5,
2,I,3,2I3,7/22/2023,203,2023,50,0,0,22.6,21.7,36.7,22,25.7,28.2,27.9,17.9,22.1,5,
2,LS,3,2LS3,7/22/2023,203,2023,0,0,50,30,18.2,16,35.2,17.9,21.2,12.3,22.1,15.1,5,
2,C,4,2C4,7/22/2023,203,2023,0,0,0,30.4,42.3,19.8,37.9,34.9,16.4,33.9,30.9,26.6,5,
2,ES,4,2ES4,7/22/2023,203,2023,0,50,0,28.9,22.7,29.8,26.2,40.8,36.2,28.8,25.9,32.8,5,
2,I,4,2I4,7/22/2023,203,2023,50,0,0,18.2,26.3,31.7,34.2,25.8,31.2,36,26.6,28.8,5,
2,LS,4,2LS4,7/22/2023,203,2023,0,0,50,36.2,32.7,27.4,37.2,25,46.4,29.7,40.5,38.9,5,
2,C,5,2C5,7/22/2023,203,2023,0,0,0,29.1,37,33,38,29.2,22.5,28,30.7,41.6,5,
2,ES,5,2ES5,7/22/2023,203,2023,0,50,0,21.7,33,38.1,25.6,23.9,23.4,18.5,34.9,29.8,5,
2,I,5,2I5,7/22/2023,203,2023,50,0,0,41.6,22.5,37.9,24.2,38.3,32.7,30.5,40.7,27.2,5,
2,LS,5,2LS5,7/22/2023,203,2023,0,0,50,29.4,34,29.2,37.2,37.3,37,40.6,33.6,28.4,5,
2,C,6,2C6,7/22/2023,203,2023,0,0,0,26,28.5,35,27.9,18,28.5,36,39.2,25.6,5,
2,ES,6,2ES6,7/22/2023,203,2023,0,50,0,29.3,19,24.5,22.2,28.4,24.4,32,21.5,25.5,5,
2,I,6,2I6,7/22/2023,203,2023,50,0,0,22.7,29.5,32.5,26,28.3,26.4,17.6,26.7,24.6,5,
2,LS,6,2LS6,7/22/2023,203,2023,0,0,50,33.3,26.2,22.6,23.2,22.6,21.6,"32,3",26.2,31.8,5,
2,C,7,2C7,7/22/2023,203,2023,0,0,0,39.2,42.4,40.5,41.2,14.3,38.6,31.4,30.3,37.5,5,
2,ES,7,2ES7,7/22/2023,203,2023,0,50,0,39.5,32.9,40.1,33,31.8,23.7,31.8,29.2,30.4,5,
2,I,7,2I7,7/22/2023,203,2023,50,0,0,27.9,37.8,37.7,33.5,35.7,39.8,43.9,37.8,35.7,5,
2,LS,7,2LS7,7/22/2023,203,2023,0,0,50,38.1,34.2,39.6,38.6,38.6,41.9,47.7,41,38.3,5,
3,C,1,3C1,7/22/2023,203,2023,0,0,0,14,35.1,25.7,10.2,25.6,26.6,18.1,34.5,24.4,5,
3,I,1,3I1,7/22/2023,203,2023,50,0,0,14.8,15.2,23.1,22.7,15.8,18.2,34.4,13.4,26.4,5,
3,C,2,3C2,7/22/2023,203,2023,0,0,0,17.4,34.9,26.9,36.3,10.4,12,31.6,28,14.9,5,
3,I,2,3I2,7/22/2023,203,2023,50,0,0,31.9,37.1,26.2,20.3,34,28.7,25,34.2,33.4,5,
3,C,3,3C3,7/22/2023,203,2023,0,0,0,23.8,16.4,26.7,15.3,30.2,33,30.2,24.7,33.5,5,
3,I,3,3I3,7/22/2023,203,2023,50,0,0,29.6,35.3,38.5,32.7,33.9,33.6,r,32.5,33.2,5,
3,C,4,3C4,7/22/2023,203,2023,0,0,0,r,27.9,r,r,r,r,r,r,r,5,
3,I,4,3I4,7/22/2023,203,2023,50,0,0,r,14,r,14.8,17.2,r,r,18.7,r,5,
3,C,5,3C5,7/22/2023,203,2023,0,0,0,12.3,14.1,13,28.1,19.8,22.5,22.2,27.9,36.9,5,
3,I,5,3I5,7/22/2023,203,2023,50,0,0,r,r,r,r,r,r,r,r,r,5,
3,C,6,3C6,7/22/2023,203,2023,0,0,0,22.6,20.1,3.1,5.5,r,r,r,24.7,16.4,5,
3,I,6,3I6,7/22/2023,203,2023,50,0,0,31.6,7.8,31.1,10.9,24.2,13.7,39,r,4,5,
4,C,1,4C1,7/22/2023,203,2023,0,0,0,22,40.4,47,38.5,34.4,54.5,48.7,38.7,42.6,5,
4,ES,1,4ES1,7/22/2023,203,2023,0,50,0,37.6,12.3,31.4,15.5,6.7,44.6,r,21.8,8.8,5,
4,I,1,4I1,7/22/2023,203,2023,50,0,0,43.6,25.9,47.8,47.5,17.3,27.5,40.7,2.2,38.9,5,
4,LS,1,4LS1,7/22/2023,203,2023,0,0,50,23.7,31.4,12,19.8,r,r,9.4,8.8,14.4,5,
4,C,2,4C2,7/22/2023,203,2023,0,0,0,r,r,16.7,0.4,41.5,35.7,12.9,12.5,38,5,
4,ES,2,4ES2,7/22/2023,203,2023,0,50,0,31.5,35.8,11.1,28.5,r,35.9,5.7,10.7,31.4,5,
4,I,2,4I2,7/22/2023,203,2023,50,0,0,27.2,3.9,22.3,42.1,37.5,44.5,36.3,40.1,40.7,5,
4,LS,2,4LS2,7/22/2023,203,2023,0,0,50,17.2,37.9,r,16.1,21,13.7,10.5,19.3,31.6,5,
4,C,3,4C3,7/22/2023,203,2023,0,0,0,29.3,56.6,33.2,54.6,68.6,at,37.2,16.9,34.6,5,
4,ES,3,4ES3,7/22/2023,203,2023,0,50,0,33.5,22.5,15.4,36.2,49.4,33.5,25.6,33.8,23.9,5,
4,I,3,4I3,7/22/2023,203,2023,50,0,0,15.4,15.3,12.8,28.6,23,33.5,6.7,6.4,12.3,5,
4,LS,3,4LS3,7/22/2023,203,2023,0,0,50,6.8,44,46.5,15.8,7.6,27.5,5.3,4.7,16.9,5,
4,C,4,4C4,7/22/2023,203,2023,0,0,0,9.7,1.2,17.6,8.9,r,20.4,11.8,7.8,7.8,5,
4,ES,4,4ES4,7/22/2023,203,2023,0,50,0,39.6,24.1,16.1,33.8,41.1,23.2,15.6,26.1,13.5,5,
4,I,4,4I4,7/22/2023,203,2023,50,0,0,17.8,28.8,31.5,22.8,17.1,44.3,31.3,20.2,32,5,
4,LS,4,4LS4,7/22/2023,203,2023,0,0,50,6.4,12.8,15.4,16.5,6.5,r,r,1.4,15.7,5,
4,C,5,4C5,7/22/2023,203,2023,0,0,0,r,34.9,26,26.2,24.2,30.8,41.7,34.4,r,5,
4,ES,5,4ES5,7/22/2023,203,2023,0,50,0,31.3,r,r,r,r,r,24.1,26,14.2,5,
4,I,5,4I5,7/22/2023,203,2023,50,0,0,10.3,18.6,r,r,12,32.5,13.9,r,8.4,5,
4,LS,5,4LS5,7/22/2023,203,2023,0,0,50,16,11,r,4.7,r,r,r,r,6,5,
4,C,6,4C6,7/22/2023,203,2023,0,0,0,8,27.7,24.2,r,r,7.5,13.6,12.9,8.4,5,
4,ES,6,4ES6,7/22/2023,203,2023,0,50,0,15.6,22.5,6.3,30.1,17.6,7.4,11.7,17.8,26.7,5,
4,I,6,4I6,7/22/2023,203,2023,50,0,0,11.3,r,r,r,16.9,r,13.7,r,r,5,
4,LS,6,4LS6,7/22/2023,203,2023,0,0,50,r,r,r,8.1,r,5.7,6.5,5.2,r,5,
5,I,4,5I4,7/19/2023,200,2023,50,0,0,2.5,0.8,7.5,18.7,r,4.3,r,7.4,6.1,NA,
5,LS,4,5LS4,7/19/2023,200,2023,0,0,0,19.3,19.1,6.7,r,4.7,r,4.3,r,6,NA,
5,ES,4,5ES4,7/19/2023,200,2023,0,50,,39.3,18.2,39.5,43.6,29,21.4,46.6,27,41.5,NA,
5,C,4,5C4,7/19/2023,200,2023,0,0,0,5.3,7.7,r,2.6,3.2,12.7,7.5,18.5,12.9,NA,
5,LS,1,5LS1,7/19/2023,200,2023,0,0,0,7.4,12.5,r,4.8,10,12.8,11,9.8,r,NA,
5,C,1,5C1,7/19/2023,200,2023,0,0,0,9.2,12.4,19.3,25.7,19.8,10.6,r,5.3,9.5,NA,
5,I,2,5I2,7/19/2023,200,2023,50,0,0,r,7.8,r,4.6,4.6,5.3,r,r,4.7,NA,
5,LS,2,5LS2,7/19/2023,200,2023,0,0,0,9.8,4.3,r,7.3,r,10.4,20.1,13.5,r,NA,
5,LS,5,5LS5,7/19/2023,200,2023,0,0,0,4.8,0,r,r,6.7,19.1,6.2,0,r,NA,
5,C,5,5C5,7/19/2023,200,2023,0,0,0,0,0,r,r,r,0.9,0.9,r,0,NA,
5,ES,5,5ES5,7/19/2023,200,2023,0,50,0,23.9,38.1,3.7,13.5,10.1,12.5,39.3,r,r,NA,
5,I,5,5I5,7/19/2023,200,2023,50,0,0,7.6,1.8,2.8,2.8,0,4.1,r,16.8,0,NA,
5,I,1,5I1,7/19/2023,200,2023,50,0,0,18.1,16.1,13.4,9,8.8,6.7,16.3,r,13.7,NA,
5,C,2,5C2,7/19/2023,200,2023,0,0,0,10.6,6.7,7.2,8,16.7,7.3,7.3,r,21.6,NA,
5,ES,2,5ES2,7/19/2023,200,2023,0,50,0,40.2,30.3,r,39.7,19.6,r,r,18.5,35.6,NA,
5,ES,1,5ES1,7/19/2023,200,2023,0,50,0,29.6,28.7,30.3,27.3,19.4,19.5,28.9,30.6,43.4,NA,
5,I,3,5I3,7/19/2023,200,2023,50,0,0,r,18.9,13.5,12.6,5.3,r,7.9,12.4,r,NA,
5,LS,3,5LS3,7/19/2023,200,2023,0,0,0,8.1,7.8,r,11.4,r,14,5.2,20.1,r,NA,
5,C,3,5C3,7/19/2023,200,2023,0,0,0,22.6,r,10.7,19.9,7.6,7.8,r,12.6,r,NA,
5,ES,3,5ES3,7/19/2023,200,2023,0,50,0,29,30.3,38.7,32.4,21.9,r,15.8,r,34.7,NA,
5,C,6,5C6,7/19/2023,200,2023,0,0,0,r,9.7,10.4,4.6,r,29.2,11.1,7.7,16.9,NA,
5,LS,6,5LS6,7/19/2023,200,2023,0,0,0,r,24.4,r,15.4,10.1,r,15.7,r,7.7,NA,
5,I,6,5I6,7/19/2023,200,2023,50,0,0,14.9,r,9.5,r,13.5,9.8,24.8,15,6.2,NA,
5,ES,6,5ES6,7/19/2023,200,2023,0,50,0,16.6,r,r,14.3,11.9,24.3,14.7,33.6,r,NA,
5,I,4,5I4,7/21/2022,202,2022,0,0,0,37.3,18,31.8,32.4,11.4,41.4,36.7,32,32.5,NA,
5,C,4,5C4,7/21/2022,202,2022,0,0,0,7.8,35,34,33.8,21.3,30.9,36.2,30,25.7,NA,
5,I,2,5I2,7/21/2022,202,2022,0,0,0,7.9,5.3,7.6,4.8,3.9,30.4,33.4,1.2,7.7,NA,
5,C,1,5C1,7/21/2022,202,2022,0,0,0,14,21.6,28.5,35.6,28,24.5,32.4,18.2,35.5,NA,
5,C,5,5C5,7/21/2022,202,2022,0,0,0,16.8,28.1,16.6,13.7,24.5,20.8,14.2,27.7,12.6,NA,
5,I,5,5I5,7/21/2022,202,2022,0,0,0,29.2,18.6,27.5,22.4,9.6,34.6,24.8,20.4,35.2,NA,
5,I,1,5I1,7/21/2022,202,2022,0,0,0,24.8,32.5,10.9,16.7,36.1,26.7,17.4,39.5,31.8,NA,
5,C,2,5C2,7/21/2022,202,2022,0,0,0,27.2,1.2,3.4,2.7,6,16.1,10.8,32.6,1.6,NA,
5,I,3,5I3,7/21/2022,202,2022,0,0,0,15.9,28.6,16.3,37.2,20.5,29.8,27.2,13.9,17,NA,
5,C,3,5C3,7/21/2022,202,2022,0,0,0,23.9,29,17.4,17.4,20.6,18.9,15.6,16.3,26.9,NA,
5,C,6,5C6,7/26/2022,207,2022,0,0,0,21.2,17.4,30.6,24.1,19.3,37.8,22.1,28.5,16.9,NA,
5,I,6,5I6,7/26/2022,207,2022,0,0,0,17.7,27.1,17.3,29.4,19.3,11,29,11.8,16.6,NA,
5,I,4,5I4,7/28/2022,209,2022,10,0,0,13,35.8,27.2,38.3,35.6,41.3,25.9,27.2,18.6,NA,
5,C,4,5C4,7/28/2022,209,2022,10,0,0,26.1,27.8,21.4,28.2,11.9,25.2,12.6,22.6,18.3,NA,
5,I,2,5I2,7/28/2022,209,2022,10,0,0,20,14.9,23.2,30,19.6,22,26.8,39.4,19.2,NA,
5,C,1,5C1,7/28/2022,209,2022,10,0,0,25.6,35.3,41.4,42.7,31.3,30.2,33,33.7,19.7,NA,
5,C,5,5C5,7/28/2022,209,2022,10,0,0,0.3,2.4,2.8,3.9,0.2,1.2,18.4,1.7,3.7,NA,
5,I,5,5I5,7/28/2022,209,2022,10,0,0,16.9,6.7,9.2,9.8,9.3,18.2,11.1,23.6,2.7,NA,
5,I,1,5I1,7/28/2022,209,2022,10,0,0,37.8,39.7,17.6,24.8,43.6,26.7,17.1,19,18.5,NA,
5,C,2,5C2,7/28/2022,209,2022,10,0,0,35.4,17.9,23.1,18,25.6,16.3,14.5,22.7,18,NA,
5,I,3,5I3,7/28/2022,209,2022,10,0,0,22.4,16.6,31.4,29.8,26.7,25.7,19.7,33.1,33.9,NA,
5,C,3,5C3,7/28/2022,209,2022,10,0,0,29.8,29.9,32,27.3,13.4,24.5,23.7,14.4,22.4,NA,
5,C,6,5C6,7/28/2022,209,2022,10,0,0,8.2,30.6,18.5,10.3,10,17.4,8.2,32.5,22.1,NA,
5,I,6,5I6,7/28/2022,209,2022,10,0,0,17.6,12.4,23.6,17.5,21.5,14.5,26.9,17.9,14.3,NA,
