Plot,Treatment,Location,"Amount [cumulative, mm]",Date,Year,DOY,Time,Water Temperature [oC],,Note
1I4,I,1,10,7/22/2022,2022,203,10:35,12.5,,
1I5,I,1,10,7/22/2022,2022,203,11:15,12.5,,
1I6,I,1,10,7/22/2022,2022,203,11:53,12.5,,
1I3,I,1,10,7/22/2022,2022,203,12:14,12.5,,
1I7,I,1,10,7/22/2022,2022,203,12:30,12.5,,
1I2,I,1,10,7/22/2022,2022,203,12:46,12.5,,
1I1,I,1,10,7/22/2022,2022,203,13:00,12.5,,
2I5,I,2,10,7/22/2022,2022,203,14:05,12.7,,
2I1,I,2,10,7/22/2022,2022,203,14:15,12.7,,
2I2,I,2,10,7/22/2022,2022,203,14:26,12.7,,
2I7,I,2,10,7/22/2022,2022,203,14:51,12.7,,
2I6,I,2,10,7/22/2022,2022,203,15:02,12.7,,
2I4,I,2,10,7/22/2022,2022,203,15:16,12.7,,
2I3,I,2,10,7/22/2022,2022,203,15:37,12.7,,
3I1,I,3,10,7/23/2022,2022,204,10:00,3.9,,with sprinkler
3I6,I,3,10,7/23/2022,2022,204,10:00,3.9,,with sprinkler
3I5,I,3,10,7/23/2022,2022,204,11:30,3.9,,
3I4,I,3,10,7/23/2022,2022,204,11:40,3.9,,
3I3,I,3,10,7/23/2022,2022,204,11:49,3.9,,
3I2,I,3,10,7/23/2022,2022,204,11:58,3.9,,
4I2,I,4,10,7/23/2022,2022,204,13:04,3.4,,sprinkler until 3mm
4I1,I,4,10,7/23/2022,2022,204,13:24,3.4,,
4I3,I,4,10,7/23/2022,2022,204,13:44,3.4,,
4I4,I,4,10,7/23/2022,2022,204,13:56,3.4,,
4I6,I,4,10,7/23/2022,2022,204,14:11,3.4,,
4I5,I,4,10,7/23/2022,2022,204,14:39,3.4,,
1I5,I,1,20,7/26/2022,2022,207,12:58,12.3,,
1I4,I,1,20,7/26/2022,2022,207,13:07,12.3,,
1I3,I,1,20,7/26/2022,2022,207,13:18,12.3,,
1I6,I,1,20,7/26/2022,2022,207,13:27,12.3,,
1I7,I,1,20,7/26/2022,2022,207,13:36,12.3,,
1I2,I,1,20,7/26/2022,2022,207,13:43,12.3,,
1I1,I,1,20,7/26/2022,2022,207,13:52,12.3,,
2I4,I,2,20,7/26/2022,2022,207,10:55,12.3,,
2I3,I,2,20,7/26/2022,2022,207,11:05,12.3,,
2I2,I,2,20,7/26/2022,2022,207,11:17,12.3,,
2I7,I,2,20,7/26/2022,2022,207,11:30,12.3,,
2I1,I,2,20,7/26/2022,2022,207,11:42,12.3,,
2I5,I,2,20,7/26/2022,2022,207,11:47,12.3,,
2I6,I,2,20,7/26/2022,2022,207,11:55,12.3,,
4I6,I,4,20,7/27/2022,2022,208,10:24,3.8,,
4I5,I,4,20,7/27/2022,2022,208,10:34,3.8,,
4I4,I,4,20,7/27/2022,2022,208,10:41,3.8,,
4I3,I,4,20,7/27/2022,2022,208,10:51,3.8,,
4I2,I,4,20,7/27/2022,2022,208,11:01,3.8,,
4I1,I,4,20,7/27/2022,2022,208,11:09,3.8,,
3I3,I,3,20,7/27/2022,2022,208,11:45,4.4,,
3I4,I,3,20,7/27/2022,2022,208,11:52,4.4,,
3I2,I,3,20,7/27/2022,2022,208,12:00,4.4,,
3I5,I,3,20,7/27/2022,2022,208,12:07,4.4,,
3I6,I,3,20,7/27/2022,2022,208,12:16,4.4,,
3I1,I,3,20,7/27/2022,2022,208,12:22,4.4,,
1I1,I,1,30,7/29/2022,2022,210,11:16,9.2,,
1I2,I,1,30,7/29/2022,2022,210,11:08,9.2,,
1I3,I,1,30,7/29/2022,2022,210,10:52,9.2,,
1I4,I,1,30,7/29/2022,2022,210,10:19,9.2,,
1I5,I,1,30,7/29/2022,2022,210,10:30,9.2,,
1I6,I,1,30,7/29/2022,2022,210,10:43,9.2,,
1I7,I,1,30,7/29/2022,2022,210,11:01,9.2,,
2I1,I,2,30,7/29/2022,2022,210,13:20,10.6,,
2I2,I,2,30,7/29/2022,2022,210,13:11,10.6,,
2I3,I,2,30,7/29/2022,2022,210,12:54,10.6,,
2I4,I,2,30,7/29/2022,2022,210,12:46,10.6,,
2I5,I,2,30,7/29/2022,2022,210,13:37,10.6,,
2I6,I,2,30,7/29/2022,2022,210,13:27,10.6,,
2I7,I,2,30,7/29/2022,2022,210,13:02,10.6,,
3I1,I,3,30,7/30/2022,2022,211,11:16,4.2,,time = guess
3I2,I,3,30,7/30/2022,2022,211,11:30,4.2,,
3I3,I,3,30,7/30/2022,2022,211,11:39,4.2,,
3I4,I,3,30,7/30/2022,2022,211,11:21,4.2,,
3I5,I,3,30,7/30/2022,2022,211,11:11,4.2,,
3I6,I,3,30,7/30/2022,2022,211,11:05,4.2,,
4I1,I,4,30,7/30/2022,2022,211,12:02,2.5,,
4I2,I,4,30,7/30/2022,2022,211,12:16,2.5,,
4I3,I,4,30,7/30/2022,2022,211,12:34,1.9,,
4I4,I,4,30,7/30/2022,2022,211,12:41,1.9,,
4I5,I,4,30,7/30/2022,2022,211,13:30,1.9,,
4I6,I,4,30,7/30/2022,2022,211,13:40,1.9,,time = guess
1I1,I,1,40,08/01/2022,2022,213,15:14,12,,
1I2,I,1,40,08/01/2022,2022,213,15:04,12,,
1I3,I,1,40,08/01/2022,2022,213,14:48,12,,
1I4,I,1,40,08/01/2022,2022,213,14:20,12,,
1I5,I,1,40,08/01/2022,2022,213,14:08,12,,
1I6,I,1,40,08/01/2022,2022,213,14:29,12,,time = guess
1I7,I,1,40,08/01/2022,2022,213,14:54,12,,
2I1,I,2,40,08/01/2022,2022,213,11:15,12.3,,
2I2,I,2,40,08/01/2022,2022,213,11:54,12.3,,
2I3,I,2,40,08/01/2022,2022,213,12:04,12.3,,
2I4,I,2,40,08/01/2022,2022,213,12:12,12.3,,
2I5,I,2,40,08/01/2022,2022,213,11:36,12.3,,
2I6,I,2,40,08/01/2022,2022,213,11:24,12.3,,time = guess
2I7,I,2,40,08/01/2022,2022,213,11:45,12.3,,time = guess
3I1,I,3,40,08/02/2022,2022,214,13:26,4.2,,
3I2,I,3,40,08/02/2022,2022,214,13:11,4.2,,
3I3,I,3,40,08/02/2022,2022,214,12:57,4.2,,
3I4,I,3,40,08/02/2022,2022,214,13:03,4.2,,
3I5,I,3,40,08/02/2022,2022,214,13:16,4.2,,
3I6,I,3,40,08/02/2022,2022,214,13:23,4.2,,
4I1,I,4,40,08/02/2022,2022,214,12:23,3.3,,
4I2,I,4,40,08/02/2022,2022,214,12:14,3.3,,
4I3,I,4,40,08/02/2022,2022,214,12:01,4,,
4I4,I,4,40,08/02/2022,2022,214,11:53,4,,
4I5,I,4,40,08/02/2022,2022,214,11:46,4,,
4I6,I,4,40,08/02/2022,2022,214,11:21,4,,
1I1,I,1,50,08/04/2022,2022,216,10:07,11.5,,
1I2,I,1,50,08/04/2022,2022,216,10:19,11.5,,
1I3,I,1,50,08/04/2022,2022,216,10:32,11.5,,
1I4,I,1,50,08/04/2022,2022,216,10:54,11.5,,
1I5,I,1,50,08/04/2022,2022,216,10:49,11.5,,
1I6,I,1,50,08/04/2022,2022,216,10:42,11.5,,
1I7,I,1,50,08/04/2022,2022,216,10:24,11.5,,
2I1,I,2,50,08/04/2022,2022,216,12:08,12.3,,
2I2,I,2,50,08/04/2022,2022,216,11:34,12.3,,
2I3,I,2,50,08/04/2022,2022,216,11:21,12.3,,
2I4,I,2,50,08/04/2022,2022,216,11:28,12.3,,
2I5,I,2,50,08/04/2022,2022,216,11:53,12.3,,
2I6,I,2,50,08/04/2022,2022,216,12:01,12.3,,
2I7,I,2,50,08/04/2022,2022,216,11:43,12.3,,
3I3,I,3,50,08/05/2022,2022,217,11:15,4,,
3I4,I,3,50,08/05/2022,2022,217,11:23,4,,
3I2,I,3,50,08/05/2022,2022,217,11:29,4,,
3I5,I,3,50,08/05/2022,2022,217,11:35,4,,
3I6,I,3,50,08/05/2022,2022,217,11:40,4,,
3I1,I,3,50,08/05/2022,2022,217,11:44,4,,
4I1,I,4,50,08/05/2022,2022,217,11:59,3.3,,
4I2,I,4,50,08/05/2022,2022,217,12:05,3.3,,
4I6,I,4,50,08/05/2022,2022,217,12:20,4,,
4I5,I,4,50,08/05/2022,2022,217,12:26,4,,
4I4,I,4,50,08/05/2022,2022,217,12:36,4,,
4I3,I,4,50,08/05/2022,2022,217,12:42,4,,
4ES3,ES,4,10,6/15/2023,2023,166,10:15,2,,
4ES6,ES,4,10,6/15/2023,2023,166,10:25,2,,
4ES5,ES,4,10,6/15/2023,2023,166,10:25,2,,
4ES4,ES,4,10,6/15/2023,2023,166,10:35,2,,
4ES1,ES,4,10,6/15/2023,2023,166,10:55,2,,
4ES2,ES,4,10,6/15/2023,2023,166,11:05,2,,
1ES1,ES,1,10,6/15/2023,2023,166,17:00 - 18:00,7,,from here onwards i provide time interval for all irrigation on plots per entire site
1ES2,ES,1,10,6/15/2023,2023,166,17:00 - 18:00,7,,
1ES3,ES,1,10,6/15/2023,2023,166,17:00 - 18:00,7,,
1ES4,ES,1,10,6/15/2023,2023,166,17:00 - 18:00,7,,
1ES5,ES,1,10,6/15/2023,2023,166,17:00 - 18:00,7,,
1ES6,ES,1,10,6/15/2023,2023,166,17:00 - 18:00,7,,
1ES7,ES,1,10,6/15/2023,2023,166,17:00 - 18:00,7,,
2ES1,ES,2,10,6/16/2023,2023,167,18:30:00 - 19:30,8.5,,
2ES2,ES,2,10,6/16/2023,2023,167,18:30:00 - 19:30,8.5,,
2ES3,ES,2,10,6/16/2023,2023,167,18:30:00 - 19:30,8.5,,
2ES4,ES,2,10,6/16/2023,2023,167,18:30:00 - 19:30,8.5,,
2ES5,ES,2,10,6/16/2023,2023,167,18:30:00 - 19:30,8.5,,
2ES6,ES,2,10,6/16/2023,2023,167,18:30:00 - 19:30,8.5,,
2ES7,ES,2,10,6/16/2023,2023,167,18:30:00 - 19:30,8.5,,
4ES1,ES,4,20,6/18/2023,2023,169,9:30 - 10:20,2,,
4ES2,ES,4,20,6/18/2023,2023,169,9:30 - 10:20,2,,
4ES3,ES,4,20,6/18/2023,2023,169,9:30 - 10:20,2,,
4ES4,ES,4,20,6/18/2023,2023,169,9:30 - 10:20,2,,
4ES5,ES,4,20,6/18/2023,2023,169,9:30 - 10:20,2,,
4ES6,ES,4,20,6/18/2023,2023,169,9:30 - 10:20,2,,
1ES1,ES,1,20,6/18/2023,2023,169,12:40 - 13:30,9.5,,
1ES2,ES,1,20,6/18/2023,2023,169,12:40 - 13:30,9.5,,
1ES3,ES,1,20,6/18/2023,2023,169,12:40 - 13:30,9.5,,
1ES4,ES,1,20,6/18/2023,2023,169,12:40 - 13:30,9.5,,
1ES5,ES,1,20,6/18/2023,2023,169,12:40 - 13:30,9.5,,
1ES6,ES,1,20,6/18/2023,2023,169,12:40 - 13:30,9.5,,
1ES7,ES,1,20,6/18/2023,2023,169,12:40 - 13:30,9.5,,
2ES1,ES,2,20,6/18/2023,2023,169,11:00 - 12:00 ,7.5,,
2ES2,ES,2,20,6/18/2023,2023,169,11:00 - 12:00 ,7.5,,
2ES3,ES,2,20,6/18/2023,2023,169,11:00 - 12:00 ,7.5,,
2ES4,ES,2,20,6/18/2023,2023,169,11:00 - 12:00 ,7.5,,
2ES5,ES,2,20,6/18/2023,2023,169,11:00 - 12:00 ,7.5,,
2ES6,ES,2,20,6/18/2023,2023,169,11:00 - 12:00 ,7.5,,
2ES7,ES,2,20,6/18/2023,2023,169,11:00 - 12:00 ,7.5,,
4ES1,ES,4,30,6/21/2023,2023,172,12:00 - 12:30,5,,VERY WARM DAY
4ES2,ES,4,30,6/21/2023,2023,172,12:00 - 12:30,5,,
4ES3,ES,4,30,6/21/2023,2023,172,12:00 - 12:30,5,,
4ES4,ES,4,30,6/21/2023,2023,172,12:00 - 12:30,5,,
4ES5,ES,4,30,6/21/2023,2023,172,12:00 - 12:30,5,,
4ES6,ES,4,30,6/21/2023,2023,172,12:00 - 12:30,5,,
1ES1,ES,1,30,6/21/2023,2023,172,10:30 - 11:30,14,,
1ES2,ES,1,30,6/21/2023,2023,172,10:30 - 11:30,14,,
1ES3,ES,1,30,6/21/2023,2023,172,10:30 - 11:30,14,,
1ES4,ES,1,30,6/21/2023,2023,172,10:30 - 11:30,14,,
1ES5,ES,1,30,6/21/2023,2023,172,10:30 - 11:30,14,,
1ES6,ES,1,30,6/21/2023,2023,172,10:30 - 11:30,14,,
1ES7,ES,1,30,6/21/2023,2023,172,10:30 - 11:30,14,,
2ES1,ES,2,30,6/21/2023,2023,172,13:30 - 14:30,NA,,sensor out of water
2ES2,ES,2,30,6/21/2023,2023,172,13:30 - 14:30,NA,,
2ES3,ES,2,30,6/21/2023,2023,172,13:30 - 14:30,NA,,
2ES4,ES,2,30,6/21/2023,2023,172,13:30 - 14:30,NA,,
2ES5,ES,2,30,6/21/2023,2023,172,13:30 - 14:30,NA,,
2ES6,ES,2,30,6/21/2023,2023,172,13:30 - 14:30,NA,,
2ES7,ES,2,30,6/21/2023,2023,172,13:30 - 14:30,NA,,
4ES1,ES,4,40,6/24/2023,2023,175,17:00 - 17:50,3.5,,
4ES2,ES,4,40,6/24/2023,2023,175,17:00 - 17:50,3.5,,
4ES3,ES,4,40,6/24/2023,2023,175,17:00 - 17:50,3.5,,
4ES4,ES,4,40,6/24/2023,2023,175,17:00 - 17:50,3.5,,
4ES5,ES,4,40,6/24/2023,2023,175,17:00 - 17:50,3.5,,
4ES6,ES,4,40,6/24/2023,2023,175,17:00 - 17:50,3.5,,
1ES1,ES,1,40,6/24/2023,2023,175,15:00 - 16:00,11.5,,
1ES2,ES,1,40,6/24/2023,2023,175,15:00 - 16:00,11.5,,
1ES3,ES,1,40,6/24/2023,2023,175,15:00 - 16:00,11.5,,
1ES4,ES,1,40,6/24/2023,2023,175,15:00 - 16:00,11.5,,
1ES5,ES,1,40,6/24/2023,2023,175,15:00 - 16:00,11.5,,
1ES6,ES,1,40,6/24/2023,2023,175,15:00 - 16:00,11.5,,
1ES7,ES,1,40,6/24/2023,2023,175,15:00 - 16:00,11.5,,
2ES1,ES,2,40,6/24/2023,2023,175,11:30 - 13:00,6.5,,
2ES2,ES,2,40,6/24/2023,2023,175,11:30 - 13:00,6.5,,
2ES3,ES,2,40,6/24/2023,2023,175,11:30 - 13:00,6.5,,
2ES4,ES,2,40,6/24/2023,2023,175,11:30 - 13:00,6.5,,
2ES5,ES,2,40,6/24/2023,2023,175,11:30 - 13:00,6.5,,
2ES6,ES,2,40,6/24/2023,2023,175,11:30 - 13:00,6.5,,
2ES7,ES,2,40,6/24/2023,2023,175,11:30 - 13:00,6.5,,
4ES1,ES,4,50,6/27/2023,2023,178,15:50 - 13:25,2.5,,
4ES2,ES,4,50,6/27/2023,2023,178,15:50 - 13:25,2.5,,
4ES3,ES,4,50,6/27/2023,2023,178,15:50 - 13:25,2.5,,
4ES4,ES,4,50,6/27/2023,2023,178,15:50 - 13:25,2.5,,
4ES5,ES,4,50,6/27/2023,2023,178,15:50 - 13:25,2.5,,
4ES6,ES,4,50,6/27/2023,2023,178,15:50 - 13:25,2.5,,
1ES1,ES,1,50,6/27/2023,2023,178,9:45 - 10:30,9,,
1ES2,ES,1,50,6/27/2023,2023,178,9:45 - 10:30,9,,
1ES3,ES,1,50,6/27/2023,2023,178,9:45 - 10:30,9,,
1ES4,ES,1,50,6/27/2023,2023,178,9:45 - 10:30,9,,
1ES5,ES,1,50,6/27/2023,2023,178,9:45 - 10:30,9,,
1ES6,ES,1,50,6/27/2023,2023,178,9:45 - 10:30,9,,
1ES7,ES,1,50,6/27/2023,2023,178,9:45 - 10:30,9,,
2ES1,ES,2,50,6/27/2023,2023,178,11:10 - 11:55,8.5,,
2ES2,ES,2,50,6/27/2023,2023,178,11:10 - 11:55,8.5,,
2ES3,ES,2,50,6/27/2023,2023,178,11:10 - 11:55,8.5,,
2ES4,ES,2,50,6/27/2023,2023,178,11:10 - 11:55,8.5,,
2ES5,ES,2,50,6/27/2023,2023,178,11:10 - 11:55,8.5,,
2ES6,ES,2,50,6/27/2023,2023,178,11:10 - 11:55,8.5,,
2ES7,ES,2,50,6/27/2023,2023,178,11:10 - 11:55,8.5,,
4LS3,LS,4,10,07/02/2023,2023,183,12:00 - 13:00,3.5,,
4LS6,LS,4,10,07/02/2023,2023,183,12:00 - 13:00,3.5,,
4LS5,LS,4,10,07/02/2023,2023,183,12:00 - 13:00,3.5,,
4LS4,LS,4,10,07/02/2023,2023,183,12:00 - 13:00,3.5,,
4LS1,LS,4,10,07/02/2023,2023,183,12:00 - 13:00,3.5,,
4LS2,LS,4,10,07/02/2023,2023,183,12:00 - 13:00,3.5,,
1LS1,LS,1,10,07/01/2023,2023,182,11:00 - 13:00,13.5,,
1LS2,LS,1,10,07/01/2023,2023,182,11:00 - 13:00,13.5,,
1LS3,LS,1,10,07/01/2023,2023,182,11:00 - 13:00,13.5,,
1LS4,LS,1,10,07/01/2023,2023,182,11:00 - 13:00,13.5,,
1LS5,LS,1,10,07/01/2023,2023,182,11:00 - 13:00,13.5,,
1LS6,LS,1,10,07/01/2023,2023,182,11:00 - 13:00,13.5,,
1LS7,LS,1,10,07/01/2023,2023,182,11:00 - 13:00,13.5,,
2LS1,LS,2,10,07/01/2023,2023,182,15:00 - 16:30,13.5,,
2LS2,LS,2,10,07/01/2023,2023,182,15:00 - 16:30,13.5,,
2LS3,LS,2,10,07/01/2023,2023,182,15:00 - 16:30,13.5,,
2LS4,LS,2,10,07/01/2023,2023,182,15:00 - 16:30,13.5,,
2LS5,LS,2,10,07/01/2023,2023,182,15:00 - 16:30,13.5,,
2LS6,LS,2,10,07/01/2023,2023,182,15:00 - 16:30,13.5,,
2LS7,LS,2,10,07/01/2023,2023,182,15:00 - 16:30,13.5,,
4LS1,LS,4,20,07/04/2023,2023,185,9:20 - 9:50 ,3.5,,
4LS2,LS,4,20,07/04/2023,2023,185,9:20 - 9:50 ,3.5,,
4LS3,LS,4,20,07/04/2023,2023,185,9:20 - 9:50 ,3.5,,
4LS4,LS,4,20,07/04/2023,2023,185,9:20 - 9:50 ,3.5,,
4LS5,LS,4,20,07/04/2023,2023,185,9:20 - 9:50 ,3.5,,
4LS6,LS,4,20,07/04/2023,2023,185,9:20 - 9:50 ,3.5,,
1LS1,LS,1,20,07/04/2023,2023,185,10:30 - 11:15,13,,
1LS2,LS,1,20,07/04/2023,2023,185,10:30 - 11:15,13,,
1LS3,LS,1,20,07/04/2023,2023,185,10:30 - 11:15,13,,
1LS4,LS,1,20,07/04/2023,2023,185,10:30 - 11:15,13,,
1LS5,LS,1,20,07/04/2023,2023,185,10:30 - 11:15,13,,
1LS6,LS,1,20,07/04/2023,2023,185,10:30 - 11:15,13,,
1LS7,LS,1,20,07/04/2023,2023,185,10:30 - 11:15,13,,
2LS1,LS,2,20,07/04/2023,2023,185,12:30 - 13:00,10.5,,
2LS2,LS,2,20,07/04/2023,2023,185,12:30 - 13:00,10.5,,
2LS3,LS,2,20,07/04/2023,2023,185,12:30 - 13:00,10.5,,
2LS4,LS,2,20,07/04/2023,2023,185,12:30 - 13:00,10.5,,
2LS5,LS,2,20,07/04/2023,2023,185,12:30 - 13:00,10.5,,
2LS6,LS,2,20,07/04/2023,2023,185,12:30 - 13:00,10.5,,
2LS7,LS,2,20,07/04/2023,2023,185,12:30 - 13:00,10.5,,
4LS1,LS,4,30,07/07/2023,2023,188,11:50 - 12:20,5,,
4LS2,LS,4,30,07/07/2023,2023,188,11:50 - 12:20,5,,
4LS3,LS,4,30,07/07/2023,2023,188,11:50 - 12:20,5,,
4LS4,LS,4,30,07/07/2023,2023,188,11:50 - 12:20,5,,
4LS5,LS,4,30,07/07/2023,2023,188,11:50 - 12:20,5,,
4LS6,LS,4,30,07/07/2023,2023,188,11:50 - 12:20,5,,
1LS1,LS,1,30,07/07/2023,2023,188,10:35 - 11:25,NA,,ibutton out of the water..
1LS2,LS,1,30,07/07/2023,2023,188,10:35 - 11:25,NA,,
1LS3,LS,1,30,07/07/2023,2023,188,10:35 - 11:25,NA,,
1LS4,LS,1,30,07/07/2023,2023,188,10:35 - 11:25,NA,,
1LS5,LS,1,30,07/07/2023,2023,188,10:35 - 11:25,NA,,
1LS6,LS,1,30,07/07/2023,2023,188,10:35 - 11:25,NA,,
1LS7,LS,1,30,07/07/2023,2023,188,10:35 - 11:25,NA,,
2LS1,LS,2,30,07/07/2023,2023,188,9:35 - 10:05,15,,in very shallow bit of water..
2LS2,LS,2,30,07/07/2023,2023,188,9:35 - 10:05,15,,
2LS3,LS,2,30,07/07/2023,2023,188,9:35 - 10:05,15,,
2LS4,LS,2,30,07/07/2023,2023,188,9:35 - 10:05,15,,
2LS5,LS,2,30,07/07/2023,2023,188,9:35 - 10:05,15,,
2LS6,LS,2,30,07/07/2023,2023,188,9:35 - 10:05,15,,
2LS7,LS,2,30,07/07/2023,2023,188,9:35 - 10:05,15,,
4LS1,LS,4,40,07/10/2023,2023,191,12:00 - 14:00,5,,
4LS2,LS,4,40,07/10/2023,2023,191,12:00 - 14:00,5,,
4LS3,LS,4,40,07/10/2023,2023,191,12:00 - 14:00,5,,
4LS4,LS,4,40,07/10/2023,2023,191,12:00 - 14:00,5,,
4LS5,LS,4,40,07/10/2023,2023,191,12:00 - 14:00,5,,
4LS6,LS,4,40,07/10/2023,2023,191,12:00 - 14:00,5,,
1LS1,LS,1,40,07/11/2023,2023,192,9:35 - 10:30,8.5,,
1LS2,LS,1,40,07/11/2023,2023,192,9:35 - 10:30,8.5,,
1LS3,LS,1,40,07/11/2023,2023,192,9:35 - 10:30,8.5,,
1LS4,LS,1,40,07/11/2023,2023,192,9:35 - 10:30,8.5,,
1LS5,LS,1,40,07/11/2023,2023,192,9:35 - 10:30,8.5,,
1LS6,LS,1,40,07/11/2023,2023,192,9:35 - 10:30,8.5,,
1LS7,LS,1,40,07/11/2023,2023,192,9:35 - 10:30,8.5,,
2LS1,LS,2,40,07/11/2023,2023,192,10:55 - 11:40,9,,
2LS2,LS,2,40,07/11/2023,2023,192,10:55 - 11:40,9,,
2LS3,LS,2,40,07/11/2023,2023,192,10:55 - 11:40,9,,
2LS4,LS,2,40,07/11/2023,2023,192,10:55 - 11:40,9,,
2LS5,LS,2,40,07/11/2023,2023,192,10:55 - 11:40,9,,
2LS6,LS,2,40,07/11/2023,2023,192,10:55 - 11:40,9,,
2LS7,LS,2,40,07/11/2023,2023,192,10:55 - 11:40,9,,
4LS1,LS,4,50,7/13/2023,2023,194,12:15 - 12:40,5.5,,
4LS2,LS,4,50,7/13/2023,2023,194,12:15 - 12:40,5.5,,
4LS3,LS,4,50,7/13/2023,2023,194,12:15 - 12:40,5.5,,
4LS4,LS,4,50,7/13/2023,2023,194,12:15 - 12:40,5.5,,
4LS5,LS,4,50,7/13/2023,2023,194,12:15 - 12:40,5.5,,
4LS6,LS,4,50,7/13/2023,2023,194,12:15 - 12:40,5.5,,
1LS1,LS,1,50,7/13/2023,2023,194,10:35 - 11:25,10.5,,
1LS2,LS,1,50,7/13/2023,2023,194,10:35 - 11:25,10.5,,
1LS3,LS,1,50,7/13/2023,2023,194,10:35 - 11:25,10.5,,
1LS4,LS,1,50,7/13/2023,2023,194,10:35 - 11:25,10.5,,
1LS5,LS,1,50,7/13/2023,2023,194,10:35 - 11:25,10.5,,
1LS6,LS,1,50,7/13/2023,2023,194,10:35 - 11:25,10.5,,
1LS7,LS,1,50,7/13/2023,2023,194,10:35 - 11:25,10.5,,
2LS1,LS,2,50,7/13/2023,2023,194,9:30 - 10:05,10.5,,
2LS2,LS,2,50,7/13/2023,2023,194,9:30 - 10:05,10.5,,
2LS3,LS,2,50,7/13/2023,2023,194,9:30 - 10:05,10.5,,
2LS4,LS,2,50,7/13/2023,2023,194,9:30 - 10:05,10.5,,
2LS5,LS,2,50,7/13/2023,2023,194,9:30 - 10:05,10.5,,
2LS6,LS,2,50,7/13/2023,2023,194,9:30 - 10:05,10.5,,
2LS7,LS,2,50,7/13/2023,2023,194,9:30 - 10:05,10.5,,
5I1,I,5,10,7/25/2022,2022,206,11:50,9.34,,
5I2,I,5,10,7/25/2022,2022,206,14:35,9.34,,
5I3,I,5,10,7/25/2022,2022,206,15:41,9.34,,
5I4,I,5,10,7/25/2022,2022,206,09:30,9.34,,
5I5,I,5,10,7/25/2022,2022,206,11:00,9.34,,
5I6,I,5,10,7/25/2022,2022,206,19:35,9.34,,
5I1,I,5,20,7/28/2022,2022,209,13:30,NA,,
5I2,I,5,20,7/28/2022,2022,209,11:50,NA,,
5I3,I,5,20,7/28/2022,2022,209,11:30,NA,,
5I4,I,5,20,7/28/2022,2022,209,14:15,NA,,
5I5,I,5,20,7/28/2022,2022,209,14:01,NA,,
5I6,I,5,20,7/28/2022,2022,209,10:45,NA,,
5I1,I,5,30,7/31/2022,2022,212,12:05,NA,,
5I2,I,5,30,7/31/2022,2022,212,11:30,NA,,
5I3,I,5,30,7/31/2022,2022,212,13:25,NA,,
5I4,I,5,30,7/31/2022,2022,212,10:50,NA,,
5I5,I,5,30,7/31/2022,2022,212,12:40,NA,,
5I6,I,5,30,7/31/2022,2022,212,14:10,NA,,
5I1,I,5,40,08/03/2022,2023,215,16:30,NA,,
5I2,I,5,40,08/03/2022,2023,215,18:00,NA,,
5I3,I,5,40,08/03/2022,2023,215,15:10,NA,,
5I4,I,5,40,08/03/2022,2023,215,18:40,NA,,
5I5,I,5,40,08/03/2022,2023,215,15:50,NA,,
5I6,I,5,40,08/03/2022,2023,215,14:30,NA,,
5I1,I,5,50,08/06/2022,2023,218,16:20,NA,,
5I2,I,5,50,08/06/2022,2023,218,15:40,NA,,
5I3,I,5,50,08/06/2022,2023,218,18:30,NA,,
5I4,I,5,50,08/06/2022,2023,218,15:00,NA,,
5I5,I,5,50,08/06/2022,2023,218,17:00,NA,,
5I6,I,5,50,08/06/2022,2023,218,19:10,NA,,
5ES1,ES,5,10,07/05/2023,2023,186,15:40,NA,,
5ES2,ES,5,10,07/05/2023,2023,186,15:10,NA,,
5ES3,ES,5,10,07/05/2023,2023,186,14:37,NA,,
5ES4,ES,5,10,07/05/2023,2023,186,16:37,NA,,
5ES5,ES,5,10,07/05/2023,2023,186,16:10,NA,,
5ES6,ES,5,10,07/05/2023,2023,186,14:05,NA,,
5ES1,ES,5,20,07/09/2023,2023,190,13:14,NA,,
5ES2,ES,5,20,07/09/2023,2023,190,13:53,NA,,
5ES3,ES,5,20,07/09/2023,2023,190,14:36,NA,,
5ES4,ES,5,20,07/09/2023,2023,190,12:02,NA,,
5ES5,ES,5,20,07/09/2023,2023,190,12:36,NA,,
5ES6,ES,5,20,07/09/2023,2023,190,15:22,NA,,
5ES1,ES,5,30,07/11/2023,2023,192,20:15,NA,,
5ES2,ES,5,30,07/11/2023,2023,192,19:41,NA,,
5ES3,ES,5,30,07/11/2023,2023,192,19:05,NA,,
5ES4,ES,5,30,07/11/2023,2023,192,21:37,NA,,
5ES5,ES,5,30,07/11/2023,2023,192,20:56,NA,,
5ES6,ES,5,30,07/11/2023,2023,192,18:30,NA,,
5ES1,ES,5,40,7/14/2023,2023,195,14:50,NA,,
5ES2,ES,5,40,7/14/2023,2023,195,15:26,NA,,
5ES3,ES,5,40,7/14/2023,2023,195,16:07,NA,,
5ES4,ES,5,40,7/14/2023,2023,195,13:44,NA,,
5ES5,ES,5,40,7/14/2023,2023,195,14:15,NA,,
5ES6,ES,5,40,7/14/2023,2023,195,16:47,NA,,
5ES1,ES,5,50,7/16/2023,2023,197,18:58,NA,,
5ES2,ES,5,50,7/16/2023,2023,197,19:37,NA,,
5ES3,ES,5,50,7/16/2023,2023,197,20:17,NA,,
5ES4,ES,5,50,7/16/2023,2023,197,20:56,NA,,
5ES5,ES,5,50,7/16/2023,2023,197,18:17,NA,,
5ES6,ES,5,50,7/16/2023,2023,197,20:56,NA,,
5LS1,LS,5,10,7/20/2023,2023,201,13:57,NA,,
5LS2,LS,5,10,7/20/2023,2023,201,12:04,NA,,
5LS3,LS,5,10,7/20/2023,2023,201,14:47,NA,,
5LS4,LS,5,10,7/20/2023,2023,201,11:49,NA,,
5LS5,LS,5,10,7/20/2023,2023,201,14:14,NA,,
5LS6,LS,5,10,7/20/2023,2023,201,14:31,NA,,
5LS1,LS,5,20,7/23/2023,2023,204,15:51,NA,,
5LS2,LS,5,20,7/23/2023,2023,204,15:40,NA,,
5LS3,LS,5,20,7/23/2023,2023,204,15:00,NA,,
5LS4,LS,5,20,7/23/2023,2023,204,16:04,NA,,
5LS5,LS,5,20,7/23/2023,2023,204,15:26,NA,,
5LS6,LS,5,20,7/23/2023,2023,204,15:13,NA,,
5LS1,LS,5,30,7/25/2023,2023,206,19:34,NA,,
5LS2,LS,5,30,7/25/2023,2023,206,19:02,NA,,
5LS3,LS,5,30,7/25/2023,2023,206,19:48,NA,,
5LS4,LS,5,30,7/25/2023,2023,206,18:52,NA,,
5LS5,LS,5,30,7/25/2023,2023,206,19:18,NA,,
5LS6,LS,5,30,7/25/2023,2023,206,20:05,NA,,
5LS1,LS,5,40,7/28/2023,2023,209,16:36,NA,,
5LS2,LS,5,40,7/28/2023,2023,209,16:19,NA,,
5LS3,LS,5,40,7/28/2023,2023,209,15:44,NA,,
5LS4,LS,5,40,7/28/2023,2023,209,16:55,NA,,
5LS5,LS,5,40,7/28/2023,2023,209,16:02,NA,,
5LS6,LS,5,40,7/28/2023,2023,209,15:25,NA,,
5LS1,LS,5,50,7/30/2023,2023,211,15:09,NA,,
5LS2,LS,5,50,7/30/2023,2023,211,15:20,NA,,
5LS3,LS,5,50,7/30/2023,2023,211,17:58,NA,,
5LS4,LS,5,50,7/30/2023,2023,211,14:54,NA,,
5LS5,LS,5,50,7/30/2023,2023,211,17:43,NA,,
5LS6,LS,5,50,7/30/2023,2023,211,18:12,NA,,
